{"icons":{"bx-500px":{"glyph":"","terms":["500px"]},"bx-99designs":{"glyph":"","terms":["99designs"]},"bx-adobe":{"glyph":"","terms":["adobe"]},"bx-airbnb":{"glyph":"","terms":["airbnb"]},"bx-algolia":{"glyph":"","terms":["algolia"]},"bx-amazon":{"glyph":"","terms":["amazon"]},"bx-amex":{"glyph":"","terms":["amex"]},"bx-android":{"glyph":"","terms":["android"]},"bx-angular":{"glyph":"","terms":["angular"]},"bx-anthropic":{"glyph":"","terms":["anthropic"]},"bx-apple-music":{"glyph":"","terms":["apple-music"]},"bx-apple":{"glyph":"","terms":["apple"]},"bx-arc-browser":{"glyph":"","terms":["arc-browser"]},"bx-artstation":{"glyph":"","terms":["artstation"]},"bx-asana":{"glyph":"","terms":["asana"]},"bx-atlassian":{"glyph":"","terms":["atlassian"]},"bx-atom-editor":{"glyph":"","terms":["atom-editor"]},"bx-audible":{"glyph":"","terms":["audible"]},"bx-auth0":{"glyph":"","terms":["auth0"]},"bx-autodesk":{"glyph":"","terms":["autodesk"]},"bx-aws":{"glyph":"","terms":["aws"]},"bx-baidu":{"glyph":"","terms":["baidu"]},"bx-bash":{"glyph":"","terms":["bash"]},"bx-behance":{"glyph":"","terms":["behance"]},"bx-better-auth":{"glyph":"","terms":["better-auth"]},"bx-bing":{"glyph":"","terms":["bing"]},"bx-bitcoin-logo":{"glyph":"","terms":["bitcoin-logo"]},"bx-blender":{"glyph":"","terms":["blender"]},"bx-blogger":{"glyph":"","terms":["blogger"]},"bx-bluesky":{"glyph":"","terms":["bluesky"]},"bx-bolt-b":{"glyph":"","terms":["bolt-b"]},"bx-bootstrap":{"glyph":"","terms":["bootstrap"]},"bx-boxicons":{"glyph":"","terms":["boxicons"]},"bx-brave-browser":{"glyph":"","terms":["brave-browser"]},"bx-bun":{"glyph":"","terms":["bun"]},"bx-buy-me-a-coffee":{"glyph":"","terms":["buy-me-a-coffee"]},"bx-c-plus-plus":{"glyph":"","terms":["c-plus-plus"]},"bx-c-sharp":{"glyph":"","terms":["c-sharp"]},"bx-c":{"glyph":"","terms":["c"]},"bx-canva":{"glyph":"","terms":["canva"]},"bx-chess-com":{"glyph":"","terms":["chess-com"]},"bx-chrome":{"glyph":"","terms":["chrome"]},"bx-claude-ai":{"glyph":"","terms":["claude-ai"]},"bx-clerk":{"glyph":"","terms":["clerk"]},"bx-cloudflare":{"glyph":"","terms":["cloudflare"]},"bx-codepen":{"glyph":"","terms":["codepen"]},"bx-convex":{"glyph":"","terms":["convex"]},"bx-creative-commons":{"glyph":"","terms":["creative-commons"]},"bx-crunchyroll":{"glyph":"","terms":["crunchyroll"]},"bx-css3":{"glyph":"","terms":["css3"]},"bx-cursor-ai":{"glyph":"","terms":["cursor-ai"]},"bx-dailymotion":{"glyph":"","terms":["dailymotion"]},"bx-deepmind":{"glyph":"","terms":["deepmind"]},"bx-deepseek":{"glyph":"","terms":["deepseek"]},"bx-deezer":{"glyph":"","terms":["deezer"]},"bx-deno":{"glyph":"","terms":["deno"]},"bx-dev-to":{"glyph":"","terms":["dev-to"]},"bx-deviantart":{"glyph":"","terms":["deviantart"]},"bx-devpost":{"glyph":"","terms":["devpost"]},"bx-digg":{"glyph":"","terms":["digg"]},"bx-digitalocean":{"glyph":"","terms":["digitalocean"]},"bx-discord-alt":{"glyph":"","terms":["discord-alt"]},"bx-discord":{"glyph":"","terms":["discord"]},"bx-discourse":{"glyph":"","terms":["discourse"]},"bx-discover":{"glyph":"","terms":["discover"]},"bx-django":{"glyph":"","terms":["django"]},"bx-docker":{"glyph":"","terms":["docker"]},"bx-dot-env":{"glyph":"","terms":["dot-env"]},"bx-dribbble":{"glyph":"","terms":["dribbble"]},"bx-drizzle-orm":{"glyph":"","terms":["drizzle-orm"]},"bx-dropbox":{"glyph":"","terms":["dropbox"]},"bx-ebay":{"glyph":"","terms":["ebay"]},"bx-edge":{"glyph":"","terms":["edge"]},"bx-ember-js":{"glyph":"","terms":["ember-js"]},"bx-etsy":{"glyph":"","terms":["etsy"]},"bx-expo":{"glyph":"","terms":["expo"]},"bx-express-js":{"glyph":"","terms":["express-js"]},"bx-facebook-circle":{"glyph":"","terms":["facebook-circle"]},"bx-facebook-square":{"glyph":"","terms":["facebook-square"]},"bx-facebook":{"glyph":"","terms":["facebook"]},"bx-fastapi":{"glyph":"","terms":["fastapi"]},"bx-fastify":{"glyph":"","terms":["fastify"]},"bx-figma-alt":{"glyph":"","terms":["figma-alt"]},"bx-figma":{"glyph":"","terms":["figma"]},"bx-firebase":{"glyph":"","terms":["firebase"]},"bx-firefox":{"glyph":"","terms":["firefox"]},"bx-fiverr":{"glyph":"","terms":["fiverr"]},"bx-flask-old":{"glyph":"","terms":["flask-old"]},"bx-flask":{"glyph":"","terms":["flask"]},"bx-flickr-square":{"glyph":"","terms":["flickr-square"]},"bx-flickr":{"glyph":"","terms":["flickr"]},"bx-flutter":{"glyph":"","terms":["flutter"]},"bx-foursquare":{"glyph":"","terms":["foursquare"]},"bx-framer":{"glyph":"","terms":["framer"]},"bx-gatsby-js":{"glyph":"","terms":["gatsby-js"]},"bx-gemini":{"glyph":"","terms":["gemini"]},"bx-git":{"glyph":"","terms":["git"]},"bx-github-copilot":{"glyph":"","terms":["github-copilot"]},"bx-github":{"glyph":"","terms":["github"]},"bx-gitlab":{"glyph":"","terms":["gitlab"]},"bx-gmail":{"glyph":"","terms":["gmail"]},"bx-go-lang":{"glyph":"","terms":["go-lang"]},"bx-google-antigravity":{"glyph":"","terms":["google-antigravity"]},"bx-google-cloud":{"glyph":"","terms":["google-cloud"]},"bx-google-pay":{"glyph":"","terms":["google-pay"]},"bx-google":{"glyph":"","terms":["google"]},"bx-graphql":{"glyph":"","terms":["graphql"]},"bx-grok":{"glyph":"","terms":["grok"]},"bx-groq-ai":{"glyph":"","terms":["groq-ai"]},"bx-gsap":{"glyph":"","terms":["gsap"]},"bx-gumroad":{"glyph":"","terms":["gumroad"]},"bx-hashnode":{"glyph":"","terms":["hashnode"]},"bx-hcaptcha":{"glyph":"","terms":["hcaptcha"]},"bx-heroku":{"glyph":"","terms":["heroku"]},"bx-hono-js":{"glyph":"","terms":["hono-js"]},"bx-html5":{"glyph":"","terms":["html5"]},"bx-hugo":{"glyph":"","terms":["hugo"]},"bx-ibm":{"glyph":"","terms":["ibm"]},"bx-imdb":{"glyph":"","terms":["imdb"]},"bx-instagram-alt":{"glyph":"","terms":["instagram-alt"]},"bx-instagram":{"glyph":"","terms":["instagram"]},"bx-internet-explorer":{"glyph":"","terms":["internet-explorer"]},"bx-invision":{"glyph":"","terms":["invision"]},"bx-java":{"glyph":"","terms":["java"]},"bx-javascript":{"glyph":"","terms":["javascript"]},"bx-joomla":{"glyph":"","terms":["joomla"]},"bx-jquery":{"glyph":"","terms":["jquery"]},"bx-jsfiddle":{"glyph":"","terms":["jsfiddle"]},"bx-jwt":{"glyph":"","terms":["jwt"]},"bx-kick":{"glyph":"","terms":["kick"]},"bx-kickstarter":{"glyph":"","terms":["kickstarter"]},"bx-kotlin":{"glyph":"","terms":["kotlin"]},"bx-kubernetes":{"glyph":"","terms":["kubernetes"]},"bx-laravel":{"glyph":"","terms":["laravel"]},"bx-leetcode":{"glyph":"","terms":["leetcode"]},"bx-lemon-squeezy":{"glyph":"","terms":["lemon-squeezy"]},"bx-less":{"glyph":"","terms":["less"]},"bx-letterboxd":{"glyph":"","terms":["letterboxd"]},"bx-lichess":{"glyph":"","terms":["lichess"]},"bx-line-chat":{"glyph":"","terms":["line-chat"]},"bx-linear-app":{"glyph":"","terms":["linear-app"]},"bx-linkedin-square":{"glyph":"","terms":["linkedin-square"]},"bx-linkedin":{"glyph":"","terms":["linkedin"]},"bx-linktree":{"glyph":"","terms":["linktree"]},"bx-loom":{"glyph":"","terms":["loom"]},"bx-lottie-files":{"glyph":"","terms":["lottie-files"]},"bx-lottie-lab":{"glyph":"","terms":["lottie-lab"]},"bx-lovable":{"glyph":"","terms":["lovable"]},"bx-lyft":{"glyph":"","terms":["lyft"]},"bx-magento":{"glyph":"","terms":["magento"]},"bx-mailchimp":{"glyph":"","terms":["mailchimp"]},"bx-markdown":{"glyph":"","terms":["markdown"]},"bx-mastercard":{"glyph":"","terms":["mastercard"]},"bx-mastodon":{"glyph":"","terms":["mastodon"]},"bx-mcp":{"glyph":"","terms":["mcp"]},"bx-medium-old":{"glyph":"","terms":["medium-old"]},"bx-medium-square":{"glyph":"","terms":["medium-square"]},"bx-medium":{"glyph":"","terms":["medium"]},"bx-messenger":{"glyph":"","terms":["messenger"]},"bx-meta":{"glyph":"","terms":["meta"]},"bx-microsoft-teams":{"glyph":"","terms":["microsoft-teams"]},"bx-microsoft-windows":{"glyph":"","terms":["microsoft-windows"]},"bx-microsoft":{"glyph":"","terms":["microsoft"]},"bx-midjourney":{"glyph":"","terms":["midjourney"]},"bx-mongodb":{"glyph":"","terms":["mongodb"]},"bx-motion-js":{"glyph":"","terms":["motion-js"]},"bx-mozilla":{"glyph":"","terms":["mozilla"]},"bx-my-sql":{"glyph":"","terms":["my-sql"]},"bx-neon-tech":{"glyph":"","terms":["neon-tech"]},"bx-neovim":{"glyph":"","terms":["neovim"]},"bx-nest-js":{"glyph":"","terms":["nest-js"]},"bx-netlify":{"glyph":"","terms":["netlify"]},"bx-next-js":{"glyph":"","terms":["next-js"]},"bx-nodejs":{"glyph":"","terms":["nodejs"]},"bx-notion":{"glyph":"","terms":["notion"]},"bx-npm":{"glyph":"","terms":["npm"]},"bx-nuxt-js":{"glyph":"","terms":["nuxt-js"]},"bx-ok-ru":{"glyph":"","terms":["ok-ru"]},"bx-ollama":{"glyph":"","terms":["ollama"]},"bx-openai":{"glyph":"","terms":["openai"]},"bx-opensea":{"glyph":"","terms":["opensea"]},"bx-opera":{"glyph":"","terms":["opera"]},"bx-paddle-p":{"glyph":"","terms":["paddle-p"]},"bx-paper-design":{"glyph":"","terms":["paper-design"]},"bx-patreon":{"glyph":"","terms":["patreon"]},"bx-payload-cms":{"glyph":"","terms":["payload-cms"]},"bx-paypal":{"glyph":"","terms":["paypal"]},"bx-periscope":{"glyph":"","terms":["periscope"]},"bx-perplexity-ai":{"glyph":"","terms":["perplexity-ai"]},"bx-php":{"glyph":"","terms":["php"]},"bx-pinterest-alt":{"glyph":"","terms":["pinterest-alt"]},"bx-pinterest":{"glyph":"","terms":["pinterest"]},"bx-planetscale":{"glyph":"","terms":["planetscale"]},"bx-play-store":{"glyph":"","terms":["play-store"]},"bx-playstation":{"glyph":"","terms":["playstation"]},"bx-pocket":{"glyph":"","terms":["pocket"]},"bx-polar":{"glyph":"","terms":["polar"]},"bx-postgresql":{"glyph":"","terms":["postgresql"]},"bx-prisma-orm":{"glyph":"","terms":["prisma-orm"]},"bx-product-hunt":{"glyph":"","terms":["product-hunt"]},"bx-python":{"glyph":"","terms":["python"]},"bx-qdrant":{"glyph":"","terms":["qdrant"]},"bx-qq":{"glyph":"","terms":["qq"]},"bx-quora":{"glyph":"","terms":["quora"]},"bx-radix-ui":{"glyph":"","terms":["radix-ui"]},"bx-railway":{"glyph":"","terms":["railway"]},"bx-rasberry-pi":{"glyph":"","terms":["rasberry-pi"]},"bx-react-query":{"glyph":"","terms":["react-query"]},"bx-react-router":{"glyph":"","terms":["react-router"]},"bx-react":{"glyph":"","terms":["react"]},"bx-redbubble":{"glyph":"","terms":["redbubble"]},"bx-reddit":{"glyph":"","terms":["reddit"]},"bx-redux":{"glyph":"","terms":["redux"]},"bx-remix-js":{"glyph":"","terms":["remix-js"]},"bx-replit":{"glyph":"","terms":["replit"]},"bx-resend":{"glyph":"","terms":["resend"]},"bx-roblox":{"glyph":"","terms":["roblox"]},"bx-sanity":{"glyph":"","terms":["sanity"]},"bx-sass":{"glyph":"","terms":["sass"]},"bx-sentry":{"glyph":"","terms":["sentry"]},"bx-shadcn-ui":{"glyph":"","terms":["shadcn-ui"]},"bx-shopify":{"glyph":"","terms":["shopify"]},"bx-sketch":{"glyph":"","terms":["sketch"]},"bx-skype":{"glyph":"","terms":["skype"]},"bx-slack-old":{"glyph":"","terms":["slack-old"]},"bx-slack":{"glyph":"","terms":["slack"]},"bx-snapchat":{"glyph":"","terms":["snapchat"]},"bx-socket-io":{"glyph":"","terms":["socket-io"]},"bx-soundcloud":{"glyph":"","terms":["soundcloud"]},"bx-spotify":{"glyph":"","terms":["spotify"]},"bx-spring-boot":{"glyph":"","terms":["spring-boot"]},"bx-squarespace":{"glyph":"","terms":["squarespace"]},"bx-sst":{"glyph":"","terms":["sst"]},"bx-stack-overflow":{"glyph":"","terms":["stack-overflow"]},"bx-stackblitz":{"glyph":"","terms":["stackblitz"]},"bx-steam":{"glyph":"","terms":["steam"]},"bx-stripe":{"glyph":"","terms":["stripe"]},"bx-supabase":{"glyph":"","terms":["supabase"]},"bx-svelte":{"glyph":"","terms":["svelte"]},"bx-tailwind-css":{"glyph":"","terms":["tailwind-css"]},"bx-telegram":{"glyph":"","terms":["telegram"]},"bx-terraform":{"glyph":"","terms":["terraform"]},"bx-threads":{"glyph":"","terms":["threads"]},"bx-three-js":{"glyph":"","terms":["three-js"]},"bx-tiktok":{"glyph":"","terms":["tiktok"]},"bx-trello":{"glyph":"","terms":["trello"]},"bx-trip-advisor":{"glyph":"","terms":["trip-advisor"]},"bx-trpc":{"glyph":"","terms":["trpc"]},"bx-trustpilot":{"glyph":"","terms":["trustpilot"]},"bx-tumblr":{"glyph":"","terms":["tumblr"]},"bx-tux":{"glyph":"","terms":["tux"]},"bx-twitch":{"glyph":"","terms":["twitch"]},"bx-twitter-x":{"glyph":"","terms":["twitter-x"]},"bx-twitter":{"glyph":"","terms":["twitter"]},"bx-typescript":{"glyph":"","terms":["typescript"]},"bx-uber":{"glyph":"","terms":["uber"]},"bx-ubuntu":{"glyph":"","terms":["ubuntu"]},"bx-udacity":{"glyph":"","terms":["udacity"]},"bx-union-pay":{"glyph":"","terms":["union-pay"]},"bx-unity":{"glyph":"","terms":["unity"]},"bx-unsplash":{"glyph":"","terms":["unsplash"]},"bx-upi":{"glyph":"","terms":["upi"]},"bx-upwork":{"glyph":"","terms":["upwork"]},"bx-v0":{"glyph":"","terms":["v0"]},"bx-venmo":{"glyph":"","terms":["venmo"]},"bx-vercel":{"glyph":"","terms":["vercel"]},"bx-vimeo":{"glyph":"","terms":["vimeo"]},"bx-visa":{"glyph":"","terms":["visa"]},"bx-visual-studio":{"glyph":"","terms":["visual-studio"]},"bx-vite-js":{"glyph":"","terms":["vite-js"]},"bx-vk":{"glyph":"","terms":["vk"]},"bx-vuejs":{"glyph":"","terms":["vuejs"]},"bx-waze":{"glyph":"","terms":["waze"]},"bx-web-components":{"glyph":"","terms":["web-components"]},"bx-webflow":{"glyph":"","terms":["webflow"]},"bx-wechat":{"glyph":"","terms":["wechat"]},"bx-weibo":{"glyph":"","terms":["weibo"]},"bx-whatsapp-square":{"glyph":"","terms":["whatsapp-square"]},"bx-whatsapp":{"glyph":"","terms":["whatsapp"]},"bx-wikipedia":{"glyph":"","terms":["wikipedia"]},"bx-windsurf":{"glyph":"","terms":["windsurf"]},"bx-wix":{"glyph":"","terms":["wix"]},"bx-wordpress":{"glyph":"","terms":["wordpress"]},"bx-work-os":{"glyph":"","terms":["work-os"]},"bx-xai":{"glyph":"","terms":["xai"]},"bx-xbox":{"glyph":"","terms":["xbox"]},"bx-xing":{"glyph":"","terms":["xing"]},"bx-yahoo":{"glyph":"","terms":["yahoo"]},"bx-yarn":{"glyph":"","terms":["yarn"]},"bx-yelp":{"glyph":"","terms":["yelp"]},"bx-youtube-music":{"glyph":"","terms":["youtube-music"]},"bx-youtube":{"glyph":"","terms":["youtube"]},"bx-zen-browser":{"glyph":"","terms":["zen-browser"]},"bx-zoom-workplace":{"glyph":"","terms":["zoom-workplace"]}}}