{"icons":{"ph-acorn":{"glyph":"","terms":["acorn"]},"ph-address-book":{"glyph":"","terms":["address-book"]},"ph-address-book-tabs":{"glyph":"","terms":["address-book-tabs"]},"ph-air-traffic-control":{"glyph":"","terms":["air-traffic-control"]},"ph-airplane":{"glyph":"","terms":["airplane"]},"ph-airplane-in-flight":{"glyph":"","terms":["airplane-in-flight"]},"ph-airplane-landing":{"glyph":"","terms":["airplane-landing"]},"ph-airplane-takeoff":{"glyph":"","terms":["airplane-takeoff"]},"ph-airplane-taxiing":{"glyph":"","terms":["airplane-taxiing"]},"ph-airplane-tilt":{"glyph":"","terms":["airplane-tilt"]},"ph-airplay":{"glyph":"","terms":["airplay"]},"ph-alarm":{"glyph":"","terms":["alarm"]},"ph-alien":{"glyph":"","terms":["alien"]},"ph-align-bottom":{"glyph":"","terms":["align-bottom"]},"ph-align-bottom-simple":{"glyph":"","terms":["align-bottom-simple"]},"ph-align-center-horizontal":{"glyph":"","terms":["align-center-horizontal"]},"ph-align-center-horizontal-simple":{"glyph":"","terms":["align-center-horizontal-simple"]},"ph-align-center-vertical":{"glyph":"","terms":["align-center-vertical"]},"ph-align-center-vertical-simple":{"glyph":"","terms":["align-center-vertical-simple"]},"ph-align-left":{"glyph":"","terms":["align-left"]},"ph-align-left-simple":{"glyph":"","terms":["align-left-simple"]},"ph-align-right":{"glyph":"","terms":["align-right"]},"ph-align-right-simple":{"glyph":"","terms":["align-right-simple"]},"ph-align-top":{"glyph":"","terms":["align-top"]},"ph-align-top-simple":{"glyph":"","terms":["align-top-simple"]},"ph-amazon-logo":{"glyph":"","terms":["amazon-logo"]},"ph-ambulance":{"glyph":"","terms":["ambulance"]},"ph-anchor":{"glyph":"","terms":["anchor"]},"ph-anchor-simple":{"glyph":"","terms":["anchor-simple"]},"ph-android-logo":{"glyph":"","terms":["android-logo"]},"ph-angle":{"glyph":"","terms":["angle"]},"ph-angular-logo":{"glyph":"","terms":["angular-logo"]},"ph-aperture":{"glyph":"","terms":["aperture"]},"ph-app-store-logo":{"glyph":"","terms":["app-store-logo"]},"ph-app-window":{"glyph":"","terms":["app-window"]},"ph-apple-logo":{"glyph":"","terms":["apple-logo"]},"ph-apple-podcasts-logo":{"glyph":"","terms":["apple-podcasts-logo"]},"ph-approximate-equals":{"glyph":"","terms":["approximate-equals"]},"ph-archive":{"glyph":"","terms":["archive"]},"ph-armchair":{"glyph":"","terms":["armchair"]},"ph-arrow-arc-left":{"glyph":"","terms":["arrow-arc-left"]},"ph-arrow-arc-right":{"glyph":"","terms":["arrow-arc-right"]},"ph-arrow-bend-double-up-left":{"glyph":"","terms":["arrow-bend-double-up-left"]},"ph-arrow-bend-double-up-right":{"glyph":"","terms":["arrow-bend-double-up-right"]},"ph-arrow-bend-down-left":{"glyph":"","terms":["arrow-bend-down-left"]},"ph-arrow-bend-down-right":{"glyph":"","terms":["arrow-bend-down-right"]},"ph-arrow-bend-left-down":{"glyph":"","terms":["arrow-bend-left-down"]},"ph-arrow-bend-left-up":{"glyph":"","terms":["arrow-bend-left-up"]},"ph-arrow-bend-right-down":{"glyph":"","terms":["arrow-bend-right-down"]},"ph-arrow-bend-right-up":{"glyph":"","terms":["arrow-bend-right-up"]},"ph-arrow-bend-up-left":{"glyph":"","terms":["arrow-bend-up-left"]},"ph-arrow-bend-up-right":{"glyph":"","terms":["arrow-bend-up-right"]},"ph-arrow-circle-down":{"glyph":"","terms":["arrow-circle-down"]},"ph-arrow-circle-down-left":{"glyph":"","terms":["arrow-circle-down-left"]},"ph-arrow-circle-down-right":{"glyph":"","terms":["arrow-circle-down-right"]},"ph-arrow-circle-left":{"glyph":"","terms":["arrow-circle-left"]},"ph-arrow-circle-right":{"glyph":"","terms":["arrow-circle-right"]},"ph-arrow-circle-up":{"glyph":"","terms":["arrow-circle-up"]},"ph-arrow-circle-up-left":{"glyph":"","terms":["arrow-circle-up-left"]},"ph-arrow-circle-up-right":{"glyph":"","terms":["arrow-circle-up-right"]},"ph-arrow-clockwise":{"glyph":"","terms":["arrow-clockwise"]},"ph-arrow-counter-clockwise":{"glyph":"","terms":["arrow-counter-clockwise"]},"ph-arrow-down":{"glyph":"","terms":["arrow-down"]},"ph-arrow-down-left":{"glyph":"","terms":["arrow-down-left"]},"ph-arrow-down-right":{"glyph":"","terms":["arrow-down-right"]},"ph-arrow-elbow-down-left":{"glyph":"","terms":["arrow-elbow-down-left"]},"ph-arrow-elbow-down-right":{"glyph":"","terms":["arrow-elbow-down-right"]},"ph-arrow-elbow-left":{"glyph":"","terms":["arrow-elbow-left"]},"ph-arrow-elbow-left-down":{"glyph":"","terms":["arrow-elbow-left-down"]},"ph-arrow-elbow-left-up":{"glyph":"","terms":["arrow-elbow-left-up"]},"ph-arrow-elbow-right":{"glyph":"","terms":["arrow-elbow-right"]},"ph-arrow-elbow-right-down":{"glyph":"","terms":["arrow-elbow-right-down"]},"ph-arrow-elbow-right-up":{"glyph":"","terms":["arrow-elbow-right-up"]},"ph-arrow-elbow-up-left":{"glyph":"","terms":["arrow-elbow-up-left"]},"ph-arrow-elbow-up-right":{"glyph":"","terms":["arrow-elbow-up-right"]},"ph-arrow-fat-down":{"glyph":"","terms":["arrow-fat-down"]},"ph-arrow-fat-left":{"glyph":"","terms":["arrow-fat-left"]},"ph-arrow-fat-line-down":{"glyph":"","terms":["arrow-fat-line-down"]},"ph-arrow-fat-line-left":{"glyph":"","terms":["arrow-fat-line-left"]},"ph-arrow-fat-line-right":{"glyph":"","terms":["arrow-fat-line-right"]},"ph-arrow-fat-line-up":{"glyph":"","terms":["arrow-fat-line-up"]},"ph-arrow-fat-lines-down":{"glyph":"","terms":["arrow-fat-lines-down"]},"ph-arrow-fat-lines-left":{"glyph":"","terms":["arrow-fat-lines-left"]},"ph-arrow-fat-lines-right":{"glyph":"","terms":["arrow-fat-lines-right"]},"ph-arrow-fat-lines-up":{"glyph":"","terms":["arrow-fat-lines-up"]},"ph-arrow-fat-right":{"glyph":"","terms":["arrow-fat-right"]},"ph-arrow-fat-up":{"glyph":"","terms":["arrow-fat-up"]},"ph-arrow-left":{"glyph":"","terms":["arrow-left"]},"ph-arrow-line-down":{"glyph":"","terms":["arrow-line-down"]},"ph-arrow-line-down-left":{"glyph":"","terms":["arrow-line-down-left"]},"ph-arrow-line-down-right":{"glyph":"","terms":["arrow-line-down-right"]},"ph-arrow-line-left":{"glyph":"","terms":["arrow-line-left"]},"ph-arrow-line-right":{"glyph":"","terms":["arrow-line-right"]},"ph-arrow-line-up":{"glyph":"","terms":["arrow-line-up"]},"ph-arrow-line-up-left":{"glyph":"","terms":["arrow-line-up-left"]},"ph-arrow-line-up-right":{"glyph":"","terms":["arrow-line-up-right"]},"ph-arrow-right":{"glyph":"","terms":["arrow-right"]},"ph-arrow-square-down":{"glyph":"","terms":["arrow-square-down"]},"ph-arrow-square-down-left":{"glyph":"","terms":["arrow-square-down-left"]},"ph-arrow-square-down-right":{"glyph":"","terms":["arrow-square-down-right"]},"ph-arrow-square-in":{"glyph":"","terms":["arrow-square-in"]},"ph-arrow-square-left":{"glyph":"","terms":["arrow-square-left"]},"ph-arrow-square-out":{"glyph":"","terms":["arrow-square-out"]},"ph-arrow-square-right":{"glyph":"","terms":["arrow-square-right"]},"ph-arrow-square-up":{"glyph":"","terms":["arrow-square-up"]},"ph-arrow-square-up-left":{"glyph":"","terms":["arrow-square-up-left"]},"ph-arrow-square-up-right":{"glyph":"","terms":["arrow-square-up-right"]},"ph-arrow-u-down-left":{"glyph":"","terms":["arrow-u-down-left"]},"ph-arrow-u-down-right":{"glyph":"","terms":["arrow-u-down-right"]},"ph-arrow-u-left-down":{"glyph":"","terms":["arrow-u-left-down"]},"ph-arrow-u-left-up":{"glyph":"","terms":["arrow-u-left-up"]},"ph-arrow-u-right-down":{"glyph":"","terms":["arrow-u-right-down"]},"ph-arrow-u-right-up":{"glyph":"","terms":["arrow-u-right-up"]},"ph-arrow-u-up-left":{"glyph":"","terms":["arrow-u-up-left"]},"ph-arrow-u-up-right":{"glyph":"","terms":["arrow-u-up-right"]},"ph-arrow-up":{"glyph":"","terms":["arrow-up"]},"ph-arrow-up-left":{"glyph":"","terms":["arrow-up-left"]},"ph-arrow-up-right":{"glyph":"","terms":["arrow-up-right"]},"ph-arrows-clockwise":{"glyph":"","terms":["arrows-clockwise"]},"ph-arrows-counter-clockwise":{"glyph":"","terms":["arrows-counter-clockwise"]},"ph-arrows-down-up":{"glyph":"","terms":["arrows-down-up"]},"ph-arrows-horizontal":{"glyph":"","terms":["arrows-horizontal"]},"ph-arrows-in":{"glyph":"","terms":["arrows-in"]},"ph-arrows-in-cardinal":{"glyph":"","terms":["arrows-in-cardinal"]},"ph-arrows-in-line-horizontal":{"glyph":"","terms":["arrows-in-line-horizontal"]},"ph-arrows-in-line-vertical":{"glyph":"","terms":["arrows-in-line-vertical"]},"ph-arrows-in-simple":{"glyph":"","terms":["arrows-in-simple"]},"ph-arrows-left-right":{"glyph":"","terms":["arrows-left-right"]},"ph-arrows-merge":{"glyph":"","terms":["arrows-merge"]},"ph-arrows-out":{"glyph":"","terms":["arrows-out"]},"ph-arrows-out-cardinal":{"glyph":"","terms":["arrows-out-cardinal"]},"ph-arrows-out-line-horizontal":{"glyph":"","terms":["arrows-out-line-horizontal"]},"ph-arrows-out-line-vertical":{"glyph":"","terms":["arrows-out-line-vertical"]},"ph-arrows-out-simple":{"glyph":"","terms":["arrows-out-simple"]},"ph-arrows-split":{"glyph":"","terms":["arrows-split"]},"ph-arrows-vertical":{"glyph":"","terms":["arrows-vertical"]},"ph-article":{"glyph":"","terms":["article"]},"ph-article-medium":{"glyph":"","terms":["article-medium"]},"ph-article-ny-times":{"glyph":"","terms":["article-ny-times"]},"ph-asclepius":{"glyph":"","terms":["asclepius","caduceus"]},"ph-asterisk":{"glyph":"","terms":["asterisk"]},"ph-asterisk-simple":{"glyph":"","terms":["asterisk-simple"]},"ph-at":{"glyph":"","terms":["at"]},"ph-atom":{"glyph":"","terms":["atom"]},"ph-avocado":{"glyph":"","terms":["avocado"]},"ph-axe":{"glyph":"","terms":["axe"]},"ph-baby":{"glyph":"","terms":["baby"]},"ph-baby-carriage":{"glyph":"","terms":["baby-carriage"]},"ph-backpack":{"glyph":"","terms":["backpack"]},"ph-backspace":{"glyph":"","terms":["backspace"]},"ph-bag":{"glyph":"","terms":["bag"]},"ph-bag-simple":{"glyph":"","terms":["bag-simple"]},"ph-balloon":{"glyph":"","terms":["balloon"]},"ph-bandaids":{"glyph":"","terms":["bandaids"]},"ph-bank":{"glyph":"","terms":["bank"]},"ph-barbell":{"glyph":"","terms":["barbell"]},"ph-barcode":{"glyph":"","terms":["barcode"]},"ph-barn":{"glyph":"","terms":["barn"]},"ph-barricade":{"glyph":"","terms":["barricade"]},"ph-baseball":{"glyph":"","terms":["baseball"]},"ph-baseball-cap":{"glyph":"","terms":["baseball-cap"]},"ph-baseball-helmet":{"glyph":"","terms":["baseball-helmet"]},"ph-basket":{"glyph":"","terms":["basket"]},"ph-basketball":{"glyph":"","terms":["basketball"]},"ph-bathtub":{"glyph":"","terms":["bathtub"]},"ph-battery-charging":{"glyph":"","terms":["battery-charging"]},"ph-battery-charging-vertical":{"glyph":"","terms":["battery-charging-vertical"]},"ph-battery-empty":{"glyph":"","terms":["battery-empty"]},"ph-battery-full":{"glyph":"","terms":["battery-full"]},"ph-battery-high":{"glyph":"","terms":["battery-high"]},"ph-battery-low":{"glyph":"","terms":["battery-low"]},"ph-battery-medium":{"glyph":"","terms":["battery-medium"]},"ph-battery-plus":{"glyph":"","terms":["battery-plus"]},"ph-battery-plus-vertical":{"glyph":"","terms":["battery-plus-vertical"]},"ph-battery-vertical-empty":{"glyph":"","terms":["battery-vertical-empty"]},"ph-battery-vertical-full":{"glyph":"","terms":["battery-vertical-full"]},"ph-battery-vertical-high":{"glyph":"","terms":["battery-vertical-high"]},"ph-battery-vertical-low":{"glyph":"","terms":["battery-vertical-low"]},"ph-battery-vertical-medium":{"glyph":"","terms":["battery-vertical-medium"]},"ph-battery-warning":{"glyph":"","terms":["battery-warning"]},"ph-battery-warning-vertical":{"glyph":"","terms":["battery-warning-vertical"]},"ph-beach-ball":{"glyph":"","terms":["beach-ball"]},"ph-beanie":{"glyph":"","terms":["beanie"]},"ph-bed":{"glyph":"","terms":["bed"]},"ph-beer-bottle":{"glyph":"","terms":["beer-bottle"]},"ph-beer-stein":{"glyph":"","terms":["beer-stein"]},"ph-behance-logo":{"glyph":"","terms":["behance-logo"]},"ph-bell":{"glyph":"","terms":["bell"]},"ph-bell-ringing":{"glyph":"","terms":["bell-ringing"]},"ph-bell-simple":{"glyph":"","terms":["bell-simple"]},"ph-bell-simple-ringing":{"glyph":"","terms":["bell-simple-ringing"]},"ph-bell-simple-slash":{"glyph":"","terms":["bell-simple-slash"]},"ph-bell-simple-z":{"glyph":"","terms":["bell-simple-z"]},"ph-bell-slash":{"glyph":"","terms":["bell-slash"]},"ph-bell-z":{"glyph":"","terms":["bell-z"]},"ph-belt":{"glyph":"","terms":["belt"]},"ph-bezier-curve":{"glyph":"","terms":["bezier-curve"]},"ph-bicycle":{"glyph":"","terms":["bicycle"]},"ph-binary":{"glyph":"","terms":["binary"]},"ph-binoculars":{"glyph":"","terms":["binoculars"]},"ph-biohazard":{"glyph":"","terms":["biohazard"]},"ph-bird":{"glyph":"","terms":["bird"]},"ph-blueprint":{"glyph":"","terms":["blueprint"]},"ph-bluetooth":{"glyph":"","terms":["bluetooth"]},"ph-bluetooth-connected":{"glyph":"","terms":["bluetooth-connected"]},"ph-bluetooth-slash":{"glyph":"","terms":["bluetooth-slash"]},"ph-bluetooth-x":{"glyph":"","terms":["bluetooth-x"]},"ph-boat":{"glyph":"","terms":["boat"]},"ph-bomb":{"glyph":"","terms":["bomb"]},"ph-bone":{"glyph":"","terms":["bone"]},"ph-book":{"glyph":"","terms":["book"]},"ph-book-bookmark":{"glyph":"","terms":["book-bookmark"]},"ph-book-open":{"glyph":"","terms":["book-open"]},"ph-book-open-text":{"glyph":"","terms":["book-open-text"]},"ph-book-open-user":{"glyph":"","terms":["book-open-user"]},"ph-bookmark":{"glyph":"","terms":["bookmark"]},"ph-bookmark-simple":{"glyph":"","terms":["bookmark-simple"]},"ph-bookmarks":{"glyph":"","terms":["bookmarks"]},"ph-bookmarks-simple":{"glyph":"","terms":["bookmarks-simple"]},"ph-books":{"glyph":"","terms":["books"]},"ph-boot":{"glyph":"","terms":["boot"]},"ph-boules":{"glyph":"","terms":["boules"]},"ph-bounding-box":{"glyph":"","terms":["bounding-box"]},"ph-bowl-food":{"glyph":"","terms":["bowl-food"]},"ph-bowl-steam":{"glyph":"","terms":["bowl-steam"]},"ph-bowling-ball":{"glyph":"","terms":["bowling-ball"]},"ph-box-arrow-down":{"glyph":"","terms":["box-arrow-down","archive-box"]},"ph-box-arrow-up":{"glyph":"","terms":["box-arrow-up"]},"ph-boxing-glove":{"glyph":"","terms":["boxing-glove"]},"ph-brackets-angle":{"glyph":"","terms":["brackets-angle"]},"ph-brackets-curly":{"glyph":"","terms":["brackets-curly"]},"ph-brackets-round":{"glyph":"","terms":["brackets-round"]},"ph-brackets-square":{"glyph":"","terms":["brackets-square"]},"ph-brain":{"glyph":"","terms":["brain"]},"ph-brandy":{"glyph":"","terms":["brandy"]},"ph-bread":{"glyph":"","terms":["bread"]},"ph-bridge":{"glyph":"","terms":["bridge"]},"ph-briefcase":{"glyph":"","terms":["briefcase"]},"ph-briefcase-metal":{"glyph":"","terms":["briefcase-metal"]},"ph-broadcast":{"glyph":"","terms":["broadcast"]},"ph-broom":{"glyph":"","terms":["broom"]},"ph-browser":{"glyph":"","terms":["browser"]},"ph-browsers":{"glyph":"","terms":["browsers"]},"ph-bug":{"glyph":"","terms":["bug"]},"ph-bug-beetle":{"glyph":"","terms":["bug-beetle"]},"ph-bug-droid":{"glyph":"","terms":["bug-droid"]},"ph-building":{"glyph":"","terms":["building"]},"ph-building-apartment":{"glyph":"","terms":["building-apartment"]},"ph-building-office":{"glyph":"","terms":["building-office"]},"ph-buildings":{"glyph":"","terms":["buildings"]},"ph-bulldozer":{"glyph":"","terms":["bulldozer"]},"ph-bus":{"glyph":"","terms":["bus"]},"ph-butterfly":{"glyph":"","terms":["butterfly"]},"ph-cable-car":{"glyph":"","terms":["cable-car"]},"ph-cactus":{"glyph":"","terms":["cactus"]},"ph-cake":{"glyph":"","terms":["cake"]},"ph-calculator":{"glyph":"","terms":["calculator"]},"ph-calendar":{"glyph":"","terms":["calendar"]},"ph-calendar-blank":{"glyph":"","terms":["calendar-blank"]},"ph-calendar-check":{"glyph":"","terms":["calendar-check"]},"ph-calendar-dot":{"glyph":"","terms":["calendar-dot"]},"ph-calendar-dots":{"glyph":"","terms":["calendar-dots"]},"ph-calendar-heart":{"glyph":"","terms":["calendar-heart"]},"ph-calendar-minus":{"glyph":"","terms":["calendar-minus"]},"ph-calendar-plus":{"glyph":"","terms":["calendar-plus"]},"ph-calendar-slash":{"glyph":"","terms":["calendar-slash"]},"ph-calendar-star":{"glyph":"","terms":["calendar-star"]},"ph-calendar-x":{"glyph":"","terms":["calendar-x"]},"ph-call-bell":{"glyph":"","terms":["call-bell"]},"ph-camera":{"glyph":"","terms":["camera"]},"ph-camera-plus":{"glyph":"","terms":["camera-plus"]},"ph-camera-rotate":{"glyph":"","terms":["camera-rotate"]},"ph-camera-slash":{"glyph":"","terms":["camera-slash"]},"ph-campfire":{"glyph":"","terms":["campfire"]},"ph-car":{"glyph":"","terms":["car"]},"ph-car-battery":{"glyph":"","terms":["car-battery"]},"ph-car-profile":{"glyph":"","terms":["car-profile"]},"ph-car-simple":{"glyph":"","terms":["car-simple"]},"ph-cardholder":{"glyph":"","terms":["cardholder"]},"ph-cards":{"glyph":"","terms":["cards"]},"ph-cards-three":{"glyph":"","terms":["cards-three"]},"ph-caret-circle-double-down":{"glyph":"","terms":["caret-circle-double-down"]},"ph-caret-circle-double-left":{"glyph":"","terms":["caret-circle-double-left"]},"ph-caret-circle-double-right":{"glyph":"","terms":["caret-circle-double-right"]},"ph-caret-circle-double-up":{"glyph":"","terms":["caret-circle-double-up"]},"ph-caret-circle-down":{"glyph":"","terms":["caret-circle-down"]},"ph-caret-circle-left":{"glyph":"","terms":["caret-circle-left"]},"ph-caret-circle-right":{"glyph":"","terms":["caret-circle-right"]},"ph-caret-circle-up":{"glyph":"","terms":["caret-circle-up"]},"ph-caret-circle-up-down":{"glyph":"","terms":["caret-circle-up-down"]},"ph-caret-double-down":{"glyph":"","terms":["caret-double-down"]},"ph-caret-double-left":{"glyph":"","terms":["caret-double-left"]},"ph-caret-double-right":{"glyph":"","terms":["caret-double-right"]},"ph-caret-double-up":{"glyph":"","terms":["caret-double-up"]},"ph-caret-down":{"glyph":"","terms":["caret-down"]},"ph-caret-left":{"glyph":"","terms":["caret-left"]},"ph-caret-line-down":{"glyph":"","terms":["caret-line-down"]},"ph-caret-line-left":{"glyph":"","terms":["caret-line-left"]},"ph-caret-line-right":{"glyph":"","terms":["caret-line-right"]},"ph-caret-line-up":{"glyph":"","terms":["caret-line-up"]},"ph-caret-right":{"glyph":"","terms":["caret-right"]},"ph-caret-up":{"glyph":"","terms":["caret-up"]},"ph-caret-up-down":{"glyph":"","terms":["caret-up-down"]},"ph-carrot":{"glyph":"","terms":["carrot"]},"ph-cash-register":{"glyph":"","terms":["cash-register"]},"ph-cassette-tape":{"glyph":"","terms":["cassette-tape"]},"ph-castle-turret":{"glyph":"","terms":["castle-turret"]},"ph-cat":{"glyph":"","terms":["cat"]},"ph-cell-signal-full":{"glyph":"","terms":["cell-signal-full"]},"ph-cell-signal-high":{"glyph":"","terms":["cell-signal-high"]},"ph-cell-signal-low":{"glyph":"","terms":["cell-signal-low"]},"ph-cell-signal-medium":{"glyph":"","terms":["cell-signal-medium"]},"ph-cell-signal-none":{"glyph":"","terms":["cell-signal-none"]},"ph-cell-signal-slash":{"glyph":"","terms":["cell-signal-slash"]},"ph-cell-signal-x":{"glyph":"","terms":["cell-signal-x"]},"ph-cell-tower":{"glyph":"","terms":["cell-tower"]},"ph-certificate":{"glyph":"","terms":["certificate"]},"ph-chair":{"glyph":"","terms":["chair"]},"ph-chalkboard":{"glyph":"","terms":["chalkboard"]},"ph-chalkboard-simple":{"glyph":"","terms":["chalkboard-simple"]},"ph-chalkboard-teacher":{"glyph":"","terms":["chalkboard-teacher"]},"ph-champagne":{"glyph":"","terms":["champagne"]},"ph-charging-station":{"glyph":"","terms":["charging-station"]},"ph-chart-bar":{"glyph":"","terms":["chart-bar"]},"ph-chart-bar-horizontal":{"glyph":"","terms":["chart-bar-horizontal"]},"ph-chart-donut":{"glyph":"","terms":["chart-donut"]},"ph-chart-line":{"glyph":"","terms":["chart-line"]},"ph-chart-line-down":{"glyph":"","terms":["chart-line-down"]},"ph-chart-line-up":{"glyph":"","terms":["chart-line-up"]},"ph-chart-pie":{"glyph":"","terms":["chart-pie"]},"ph-chart-pie-slice":{"glyph":"","terms":["chart-pie-slice"]},"ph-chart-polar":{"glyph":"","terms":["chart-polar"]},"ph-chart-scatter":{"glyph":"","terms":["chart-scatter"]},"ph-chat":{"glyph":"","terms":["chat"]},"ph-chat-centered":{"glyph":"","terms":["chat-centered"]},"ph-chat-centered-dots":{"glyph":"","terms":["chat-centered-dots"]},"ph-chat-centered-slash":{"glyph":"","terms":["chat-centered-slash"]},"ph-chat-centered-text":{"glyph":"","terms":["chat-centered-text"]},"ph-chat-circle":{"glyph":"","terms":["chat-circle"]},"ph-chat-circle-dots":{"glyph":"","terms":["chat-circle-dots"]},"ph-chat-circle-slash":{"glyph":"","terms":["chat-circle-slash"]},"ph-chat-circle-text":{"glyph":"","terms":["chat-circle-text"]},"ph-chat-dots":{"glyph":"","terms":["chat-dots"]},"ph-chat-slash":{"glyph":"","terms":["chat-slash"]},"ph-chat-teardrop":{"glyph":"","terms":["chat-teardrop"]},"ph-chat-teardrop-dots":{"glyph":"","terms":["chat-teardrop-dots"]},"ph-chat-teardrop-slash":{"glyph":"","terms":["chat-teardrop-slash"]},"ph-chat-teardrop-text":{"glyph":"","terms":["chat-teardrop-text"]},"ph-chat-text":{"glyph":"","terms":["chat-text"]},"ph-chats":{"glyph":"","terms":["chats"]},"ph-chats-circle":{"glyph":"","terms":["chats-circle"]},"ph-chats-teardrop":{"glyph":"","terms":["chats-teardrop"]},"ph-check":{"glyph":"","terms":["check"]},"ph-check-circle":{"glyph":"","terms":["check-circle"]},"ph-check-fat":{"glyph":"","terms":["check-fat"]},"ph-check-square":{"glyph":"","terms":["check-square"]},"ph-check-square-offset":{"glyph":"","terms":["check-square-offset"]},"ph-checkerboard":{"glyph":"","terms":["checkerboard"]},"ph-checks":{"glyph":"","terms":["checks"]},"ph-cheers":{"glyph":"","terms":["cheers"]},"ph-cheese":{"glyph":"","terms":["cheese"]},"ph-chef-hat":{"glyph":"","terms":["chef-hat"]},"ph-cherries":{"glyph":"","terms":["cherries"]},"ph-church":{"glyph":"","terms":["church"]},"ph-cigarette":{"glyph":"","terms":["cigarette"]},"ph-cigarette-slash":{"glyph":"","terms":["cigarette-slash"]},"ph-circle":{"glyph":"","terms":["circle"]},"ph-circle-dashed":{"glyph":"","terms":["circle-dashed"]},"ph-circle-half":{"glyph":"","terms":["circle-half"]},"ph-circle-half-tilt":{"glyph":"","terms":["circle-half-tilt"]},"ph-circle-notch":{"glyph":"","terms":["circle-notch"]},"ph-circles-four":{"glyph":"","terms":["circles-four"]},"ph-circles-three":{"glyph":"","terms":["circles-three"]},"ph-circles-three-plus":{"glyph":"","terms":["circles-three-plus"]},"ph-circuitry":{"glyph":"","terms":["circuitry"]},"ph-city":{"glyph":"","terms":["city"]},"ph-clipboard":{"glyph":"","terms":["clipboard"]},"ph-clipboard-text":{"glyph":"","terms":["clipboard-text"]},"ph-clock":{"glyph":"","terms":["clock"]},"ph-clock-afternoon":{"glyph":"","terms":["clock-afternoon"]},"ph-clock-clockwise":{"glyph":"","terms":["clock-clockwise"]},"ph-clock-countdown":{"glyph":"","terms":["clock-countdown"]},"ph-clock-counter-clockwise":{"glyph":"","terms":["clock-counter-clockwise"]},"ph-clock-user":{"glyph":"","terms":["clock-user"]},"ph-closed-captioning":{"glyph":"","terms":["closed-captioning"]},"ph-cloud":{"glyph":"","terms":["cloud"]},"ph-cloud-arrow-down":{"glyph":"","terms":["cloud-arrow-down"]},"ph-cloud-arrow-up":{"glyph":"","terms":["cloud-arrow-up"]},"ph-cloud-check":{"glyph":"","terms":["cloud-check"]},"ph-cloud-fog":{"glyph":"","terms":["cloud-fog"]},"ph-cloud-lightning":{"glyph":"","terms":["cloud-lightning"]},"ph-cloud-moon":{"glyph":"","terms":["cloud-moon"]},"ph-cloud-rain":{"glyph":"","terms":["cloud-rain"]},"ph-cloud-slash":{"glyph":"","terms":["cloud-slash"]},"ph-cloud-snow":{"glyph":"","terms":["cloud-snow"]},"ph-cloud-sun":{"glyph":"","terms":["cloud-sun"]},"ph-cloud-warning":{"glyph":"","terms":["cloud-warning"]},"ph-cloud-x":{"glyph":"","terms":["cloud-x"]},"ph-clover":{"glyph":"","terms":["clover"]},"ph-club":{"glyph":"","terms":["club"]},"ph-coat-hanger":{"glyph":"","terms":["coat-hanger"]},"ph-coda-logo":{"glyph":"","terms":["coda-logo"]},"ph-code":{"glyph":"","terms":["code"]},"ph-code-block":{"glyph":"","terms":["code-block"]},"ph-code-simple":{"glyph":"","terms":["code-simple"]},"ph-codepen-logo":{"glyph":"","terms":["codepen-logo"]},"ph-codesandbox-logo":{"glyph":"","terms":["codesandbox-logo"]},"ph-coffee":{"glyph":"","terms":["coffee"]},"ph-coffee-bean":{"glyph":"","terms":["coffee-bean"]},"ph-coin":{"glyph":"","terms":["coin"]},"ph-coin-vertical":{"glyph":"","terms":["coin-vertical"]},"ph-coins":{"glyph":"","terms":["coins"]},"ph-columns":{"glyph":"","terms":["columns"]},"ph-columns-plus-left":{"glyph":"","terms":["columns-plus-left"]},"ph-columns-plus-right":{"glyph":"","terms":["columns-plus-right"]},"ph-command":{"glyph":"","terms":["command"]},"ph-compass":{"glyph":"","terms":["compass"]},"ph-compass-rose":{"glyph":"","terms":["compass-rose"]},"ph-compass-tool":{"glyph":"","terms":["compass-tool"]},"ph-computer-tower":{"glyph":"","terms":["computer-tower"]},"ph-confetti":{"glyph":"","terms":["confetti"]},"ph-contactless-payment":{"glyph":"","terms":["contactless-payment"]},"ph-control":{"glyph":"","terms":["control"]},"ph-cookie":{"glyph":"","terms":["cookie"]},"ph-cooking-pot":{"glyph":"","terms":["cooking-pot"]},"ph-copy":{"glyph":"","terms":["copy"]},"ph-copy-simple":{"glyph":"","terms":["copy-simple"]},"ph-copyleft":{"glyph":"","terms":["copyleft"]},"ph-copyright":{"glyph":"","terms":["copyright"]},"ph-corners-in":{"glyph":"","terms":["corners-in"]},"ph-corners-out":{"glyph":"","terms":["corners-out"]},"ph-couch":{"glyph":"","terms":["couch"]},"ph-court-basketball":{"glyph":"","terms":["court-basketball"]},"ph-cow":{"glyph":"","terms":["cow"]},"ph-cowboy-hat":{"glyph":"","terms":["cowboy-hat"]},"ph-cpu":{"glyph":"","terms":["cpu"]},"ph-crane":{"glyph":"","terms":["crane"]},"ph-crane-tower":{"glyph":"","terms":["crane-tower"]},"ph-credit-card":{"glyph":"","terms":["credit-card"]},"ph-cricket":{"glyph":"","terms":["cricket"]},"ph-crop":{"glyph":"","terms":["crop"]},"ph-cross":{"glyph":"","terms":["cross"]},"ph-crosshair":{"glyph":"","terms":["crosshair"]},"ph-crosshair-simple":{"glyph":"","terms":["crosshair-simple"]},"ph-crown":{"glyph":"","terms":["crown"]},"ph-crown-cross":{"glyph":"","terms":["crown-cross"]},"ph-crown-simple":{"glyph":"","terms":["crown-simple"]},"ph-cube":{"glyph":"","terms":["cube"]},"ph-cube-focus":{"glyph":"","terms":["cube-focus"]},"ph-cube-transparent":{"glyph":"","terms":["cube-transparent"]},"ph-currency-btc":{"glyph":"","terms":["currency-btc"]},"ph-currency-circle-dollar":{"glyph":"","terms":["currency-circle-dollar"]},"ph-currency-cny":{"glyph":"","terms":["currency-cny"]},"ph-currency-dollar":{"glyph":"","terms":["currency-dollar"]},"ph-currency-dollar-simple":{"glyph":"","terms":["currency-dollar-simple"]},"ph-currency-eth":{"glyph":"","terms":["currency-eth"]},"ph-currency-eur":{"glyph":"","terms":["currency-eur"]},"ph-currency-gbp":{"glyph":"","terms":["currency-gbp"]},"ph-currency-inr":{"glyph":"","terms":["currency-inr"]},"ph-currency-jpy":{"glyph":"","terms":["currency-jpy"]},"ph-currency-krw":{"glyph":"","terms":["currency-krw"]},"ph-currency-kzt":{"glyph":"","terms":["currency-kzt"]},"ph-currency-ngn":{"glyph":"","terms":["currency-ngn"]},"ph-currency-rub":{"glyph":"","terms":["currency-rub"]},"ph-cursor":{"glyph":"","terms":["cursor"]},"ph-cursor-click":{"glyph":"","terms":["cursor-click"]},"ph-cursor-text":{"glyph":"","terms":["cursor-text"]},"ph-cylinder":{"glyph":"","terms":["cylinder"]},"ph-database":{"glyph":"","terms":["database"]},"ph-desk":{"glyph":"","terms":["desk"]},"ph-desktop":{"glyph":"","terms":["desktop"]},"ph-desktop-tower":{"glyph":"","terms":["desktop-tower"]},"ph-detective":{"glyph":"","terms":["detective"]},"ph-dev-to-logo":{"glyph":"","terms":["dev-to-logo"]},"ph-device-mobile":{"glyph":"","terms":["device-mobile"]},"ph-device-mobile-camera":{"glyph":"","terms":["device-mobile-camera"]},"ph-device-mobile-slash":{"glyph":"","terms":["device-mobile-slash"]},"ph-device-mobile-speaker":{"glyph":"","terms":["device-mobile-speaker"]},"ph-device-rotate":{"glyph":"","terms":["device-rotate"]},"ph-device-tablet":{"glyph":"","terms":["device-tablet"]},"ph-device-tablet-camera":{"glyph":"","terms":["device-tablet-camera"]},"ph-device-tablet-speaker":{"glyph":"","terms":["device-tablet-speaker"]},"ph-devices":{"glyph":"","terms":["devices"]},"ph-diamond":{"glyph":"","terms":["diamond"]},"ph-diamonds-four":{"glyph":"","terms":["diamonds-four"]},"ph-dice-five":{"glyph":"","terms":["dice-five"]},"ph-dice-four":{"glyph":"","terms":["dice-four"]},"ph-dice-one":{"glyph":"","terms":["dice-one"]},"ph-dice-six":{"glyph":"","terms":["dice-six"]},"ph-dice-three":{"glyph":"","terms":["dice-three"]},"ph-dice-two":{"glyph":"","terms":["dice-two"]},"ph-disc":{"glyph":"","terms":["disc"]},"ph-disco-ball":{"glyph":"","terms":["disco-ball"]},"ph-discord-logo":{"glyph":"","terms":["discord-logo"]},"ph-divide":{"glyph":"","terms":["divide"]},"ph-dna":{"glyph":"","terms":["dna"]},"ph-dog":{"glyph":"","terms":["dog"]},"ph-door":{"glyph":"","terms":["door"]},"ph-door-open":{"glyph":"","terms":["door-open"]},"ph-dot":{"glyph":"","terms":["dot"]},"ph-dot-outline":{"glyph":"","terms":["dot-outline"]},"ph-dots-nine":{"glyph":"","terms":["dots-nine"]},"ph-dots-six":{"glyph":"","terms":["dots-six"]},"ph-dots-six-vertical":{"glyph":"","terms":["dots-six-vertical"]},"ph-dots-three":{"glyph":"","terms":["dots-three"]},"ph-dots-three-circle":{"glyph":"","terms":["dots-three-circle"]},"ph-dots-three-circle-vertical":{"glyph":"","terms":["dots-three-circle-vertical"]},"ph-dots-three-outline":{"glyph":"","terms":["dots-three-outline"]},"ph-dots-three-outline-vertical":{"glyph":"","terms":["dots-three-outline-vertical"]},"ph-dots-three-vertical":{"glyph":"","terms":["dots-three-vertical"]},"ph-download":{"glyph":"","terms":["download"]},"ph-download-simple":{"glyph":"","terms":["download-simple"]},"ph-dress":{"glyph":"","terms":["dress"]},"ph-dresser":{"glyph":"","terms":["dresser"]},"ph-dribbble-logo":{"glyph":"","terms":["dribbble-logo"]},"ph-drone":{"glyph":"","terms":["drone"]},"ph-drop":{"glyph":"","terms":["drop"]},"ph-drop-half":{"glyph":"","terms":["drop-half"]},"ph-drop-half-bottom":{"glyph":"","terms":["drop-half-bottom"]},"ph-drop-simple":{"glyph":"","terms":["drop-simple"]},"ph-drop-slash":{"glyph":"","terms":["drop-slash"]},"ph-dropbox-logo":{"glyph":"","terms":["dropbox-logo"]},"ph-ear":{"glyph":"","terms":["ear"]},"ph-ear-slash":{"glyph":"","terms":["ear-slash"]},"ph-egg":{"glyph":"","terms":["egg"]},"ph-egg-crack":{"glyph":"","terms":["egg-crack"]},"ph-eject":{"glyph":"","terms":["eject"]},"ph-eject-simple":{"glyph":"","terms":["eject-simple"]},"ph-elevator":{"glyph":"","terms":["elevator"]},"ph-empty":{"glyph":"","terms":["empty"]},"ph-engine":{"glyph":"","terms":["engine"]},"ph-envelope":{"glyph":"","terms":["envelope"]},"ph-envelope-open":{"glyph":"","terms":["envelope-open"]},"ph-envelope-simple":{"glyph":"","terms":["envelope-simple"]},"ph-envelope-simple-open":{"glyph":"","terms":["envelope-simple-open"]},"ph-equalizer":{"glyph":"","terms":["equalizer"]},"ph-equals":{"glyph":"","terms":["equals"]},"ph-eraser":{"glyph":"","terms":["eraser"]},"ph-escalator-down":{"glyph":"","terms":["escalator-down"]},"ph-escalator-up":{"glyph":"","terms":["escalator-up"]},"ph-exam":{"glyph":"","terms":["exam"]},"ph-exclamation-mark":{"glyph":"","terms":["exclamation-mark"]},"ph-exclude":{"glyph":"","terms":["exclude"]},"ph-exclude-square":{"glyph":"","terms":["exclude-square"]},"ph-export":{"glyph":"","terms":["export"]},"ph-eye":{"glyph":"","terms":["eye"]},"ph-eye-closed":{"glyph":"","terms":["eye-closed"]},"ph-eye-slash":{"glyph":"","terms":["eye-slash"]},"ph-eyedropper":{"glyph":"","terms":["eyedropper"]},"ph-eyedropper-sample":{"glyph":"","terms":["eyedropper-sample"]},"ph-eyeglasses":{"glyph":"","terms":["eyeglasses"]},"ph-eyes":{"glyph":"","terms":["eyes"]},"ph-face-mask":{"glyph":"","terms":["face-mask"]},"ph-facebook-logo":{"glyph":"","terms":["facebook-logo"]},"ph-factory":{"glyph":"","terms":["factory"]},"ph-faders":{"glyph":"","terms":["faders"]},"ph-faders-horizontal":{"glyph":"","terms":["faders-horizontal"]},"ph-fallout-shelter":{"glyph":"","terms":["fallout-shelter"]},"ph-fan":{"glyph":"","terms":["fan"]},"ph-farm":{"glyph":"","terms":["farm"]},"ph-fast-forward":{"glyph":"","terms":["fast-forward"]},"ph-fast-forward-circle":{"glyph":"","terms":["fast-forward-circle"]},"ph-feather":{"glyph":"","terms":["feather"]},"ph-fediverse-logo":{"glyph":"","terms":["fediverse-logo"]},"ph-figma-logo":{"glyph":"","terms":["figma-logo"]},"ph-file":{"glyph":"","terms":["file"]},"ph-file-archive":{"glyph":"","terms":["file-archive"]},"ph-file-arrow-down":{"glyph":"","terms":["file-arrow-down"]},"ph-file-arrow-up":{"glyph":"","terms":["file-arrow-up"]},"ph-file-audio":{"glyph":"","terms":["file-audio"]},"ph-file-c":{"glyph":"","terms":["file-c"]},"ph-file-c-sharp":{"glyph":"","terms":["file-c-sharp"]},"ph-file-cloud":{"glyph":"","terms":["file-cloud"]},"ph-file-code":{"glyph":"","terms":["file-code"]},"ph-file-cpp":{"glyph":"","terms":["file-cpp"]},"ph-file-css":{"glyph":"","terms":["file-css"]},"ph-file-csv":{"glyph":"","terms":["file-csv"]},"ph-file-dashed":{"glyph":"","terms":["file-dashed","file-dotted"]},"ph-file-doc":{"glyph":"","terms":["file-doc"]},"ph-file-html":{"glyph":"","terms":["file-html"]},"ph-file-image":{"glyph":"","terms":["file-image"]},"ph-file-ini":{"glyph":"","terms":["file-ini"]},"ph-file-jpg":{"glyph":"","terms":["file-jpg"]},"ph-file-js":{"glyph":"","terms":["file-js"]},"ph-file-jsx":{"glyph":"","terms":["file-jsx"]},"ph-file-lock":{"glyph":"","terms":["file-lock"]},"ph-file-magnifying-glass":{"glyph":"","terms":["file-magnifying-glass","file-search"]},"ph-file-md":{"glyph":"","terms":["file-md"]},"ph-file-minus":{"glyph":"","terms":["file-minus"]},"ph-file-pdf":{"glyph":"","terms":["file-pdf"]},"ph-file-plus":{"glyph":"","terms":["file-plus"]},"ph-file-png":{"glyph":"","terms":["file-png"]},"ph-file-ppt":{"glyph":"","terms":["file-ppt"]},"ph-file-py":{"glyph":"","terms":["file-py"]},"ph-file-rs":{"glyph":"","terms":["file-rs"]},"ph-file-sql":{"glyph":"","terms":["file-sql"]},"ph-file-svg":{"glyph":"","terms":["file-svg"]},"ph-file-text":{"glyph":"","terms":["file-text"]},"ph-file-ts":{"glyph":"","terms":["file-ts"]},"ph-file-tsx":{"glyph":"","terms":["file-tsx"]},"ph-file-txt":{"glyph":"","terms":["file-txt"]},"ph-file-video":{"glyph":"","terms":["file-video"]},"ph-file-vue":{"glyph":"","terms":["file-vue"]},"ph-file-x":{"glyph":"","terms":["file-x"]},"ph-file-xls":{"glyph":"","terms":["file-xls"]},"ph-file-zip":{"glyph":"","terms":["file-zip"]},"ph-files":{"glyph":"","terms":["files"]},"ph-film-reel":{"glyph":"","terms":["film-reel"]},"ph-film-script":{"glyph":"","terms":["film-script"]},"ph-film-slate":{"glyph":"","terms":["film-slate"]},"ph-film-strip":{"glyph":"","terms":["film-strip"]},"ph-fingerprint":{"glyph":"","terms":["fingerprint"]},"ph-fingerprint-simple":{"glyph":"","terms":["fingerprint-simple"]},"ph-finn-the-human":{"glyph":"","terms":["finn-the-human"]},"ph-fire":{"glyph":"","terms":["fire"]},"ph-fire-extinguisher":{"glyph":"","terms":["fire-extinguisher"]},"ph-fire-simple":{"glyph":"","terms":["fire-simple"]},"ph-fire-truck":{"glyph":"","terms":["fire-truck"]},"ph-first-aid":{"glyph":"","terms":["first-aid"]},"ph-first-aid-kit":{"glyph":"","terms":["first-aid-kit"]},"ph-fish":{"glyph":"","terms":["fish"]},"ph-fish-simple":{"glyph":"","terms":["fish-simple"]},"ph-flag":{"glyph":"","terms":["flag"]},"ph-flag-banner":{"glyph":"","terms":["flag-banner"]},"ph-flag-banner-fold":{"glyph":"","terms":["flag-banner-fold"]},"ph-flag-checkered":{"glyph":"","terms":["flag-checkered"]},"ph-flag-pennant":{"glyph":"","terms":["flag-pennant"]},"ph-flame":{"glyph":"","terms":["flame"]},"ph-flashlight":{"glyph":"","terms":["flashlight"]},"ph-flask":{"glyph":"","terms":["flask"]},"ph-flip-horizontal":{"glyph":"","terms":["flip-horizontal"]},"ph-flip-vertical":{"glyph":"","terms":["flip-vertical"]},"ph-floppy-disk":{"glyph":"","terms":["floppy-disk"]},"ph-floppy-disk-back":{"glyph":"","terms":["floppy-disk-back"]},"ph-flow-arrow":{"glyph":"","terms":["flow-arrow"]},"ph-flower":{"glyph":"","terms":["flower"]},"ph-flower-lotus":{"glyph":"","terms":["flower-lotus"]},"ph-flower-tulip":{"glyph":"","terms":["flower-tulip"]},"ph-flying-saucer":{"glyph":"","terms":["flying-saucer"]},"ph-folder":{"glyph":"","terms":["folder","folder-notch"]},"ph-folder-dashed":{"glyph":"","terms":["folder-dashed","folder-dotted"]},"ph-folder-lock":{"glyph":"","terms":["folder-lock"]},"ph-folder-minus":{"glyph":"","terms":["folder-minus","folder-notch-minus"]},"ph-folder-open":{"glyph":"","terms":["folder-open","folder-notch-open"]},"ph-folder-plus":{"glyph":"","terms":["folder-plus","folder-notch-plus"]},"ph-folder-simple":{"glyph":"","terms":["folder-simple"]},"ph-folder-simple-dashed":{"glyph":"","terms":["folder-simple-dashed","folder-simple-dotted"]},"ph-folder-simple-lock":{"glyph":"","terms":["folder-simple-lock"]},"ph-folder-simple-minus":{"glyph":"","terms":["folder-simple-minus"]},"ph-folder-simple-plus":{"glyph":"","terms":["folder-simple-plus"]},"ph-folder-simple-star":{"glyph":"","terms":["folder-simple-star"]},"ph-folder-simple-user":{"glyph":"","terms":["folder-simple-user"]},"ph-folder-star":{"glyph":"","terms":["folder-star"]},"ph-folder-user":{"glyph":"","terms":["folder-user"]},"ph-folders":{"glyph":"","terms":["folders"]},"ph-football":{"glyph":"","terms":["football"]},"ph-football-helmet":{"glyph":"","terms":["football-helmet"]},"ph-footprints":{"glyph":"","terms":["footprints"]},"ph-fork-knife":{"glyph":"","terms":["fork-knife"]},"ph-four-k":{"glyph":"","terms":["four-k"]},"ph-frame-corners":{"glyph":"","terms":["frame-corners"]},"ph-framer-logo":{"glyph":"","terms":["framer-logo"]},"ph-function":{"glyph":"","terms":["function"]},"ph-funnel":{"glyph":"","terms":["funnel"]},"ph-funnel-simple":{"glyph":"","terms":["funnel-simple"]},"ph-funnel-simple-x":{"glyph":"","terms":["funnel-simple-x"]},"ph-funnel-x":{"glyph":"","terms":["funnel-x"]},"ph-game-controller":{"glyph":"","terms":["game-controller"]},"ph-garage":{"glyph":"","terms":["garage"]},"ph-gas-can":{"glyph":"","terms":["gas-can"]},"ph-gas-pump":{"glyph":"","terms":["gas-pump"]},"ph-gauge":{"glyph":"","terms":["gauge"]},"ph-gavel":{"glyph":"","terms":["gavel"]},"ph-gear":{"glyph":"","terms":["gear"]},"ph-gear-fine":{"glyph":"","terms":["gear-fine"]},"ph-gear-six":{"glyph":"","terms":["gear-six"]},"ph-gender-female":{"glyph":"","terms":["gender-female"]},"ph-gender-intersex":{"glyph":"","terms":["gender-intersex"]},"ph-gender-male":{"glyph":"","terms":["gender-male"]},"ph-gender-neuter":{"glyph":"","terms":["gender-neuter"]},"ph-gender-nonbinary":{"glyph":"","terms":["gender-nonbinary"]},"ph-gender-transgender":{"glyph":"","terms":["gender-transgender"]},"ph-ghost":{"glyph":"","terms":["ghost"]},"ph-gif":{"glyph":"","terms":["gif"]},"ph-gift":{"glyph":"","terms":["gift"]},"ph-git-branch":{"glyph":"","terms":["git-branch"]},"ph-git-commit":{"glyph":"","terms":["git-commit"]},"ph-git-diff":{"glyph":"","terms":["git-diff"]},"ph-git-fork":{"glyph":"","terms":["git-fork"]},"ph-git-merge":{"glyph":"","terms":["git-merge"]},"ph-git-pull-request":{"glyph":"","terms":["git-pull-request"]},"ph-github-logo":{"glyph":"","terms":["github-logo"]},"ph-gitlab-logo":{"glyph":"","terms":["gitlab-logo"]},"ph-gitlab-logo-simple":{"glyph":"","terms":["gitlab-logo-simple"]},"ph-globe":{"glyph":"","terms":["globe"]},"ph-globe-hemisphere-east":{"glyph":"","terms":["globe-hemisphere-east"]},"ph-globe-hemisphere-west":{"glyph":"","terms":["globe-hemisphere-west"]},"ph-globe-simple":{"glyph":"","terms":["globe-simple"]},"ph-globe-simple-x":{"glyph":"","terms":["globe-simple-x"]},"ph-globe-stand":{"glyph":"","terms":["globe-stand"]},"ph-globe-x":{"glyph":"","terms":["globe-x"]},"ph-goggles":{"glyph":"","terms":["goggles"]},"ph-golf":{"glyph":"","terms":["golf"]},"ph-goodreads-logo":{"glyph":"","terms":["goodreads-logo"]},"ph-google-cardboard-logo":{"glyph":"","terms":["google-cardboard-logo"]},"ph-google-chrome-logo":{"glyph":"","terms":["google-chrome-logo"]},"ph-google-drive-logo":{"glyph":"","terms":["google-drive-logo"]},"ph-google-logo":{"glyph":"","terms":["google-logo"]},"ph-google-photos-logo":{"glyph":"","terms":["google-photos-logo"]},"ph-google-play-logo":{"glyph":"","terms":["google-play-logo"]},"ph-google-podcasts-logo":{"glyph":"","terms":["google-podcasts-logo"]},"ph-gps":{"glyph":"","terms":["gps"]},"ph-gps-fix":{"glyph":"","terms":["gps-fix"]},"ph-gps-slash":{"glyph":"","terms":["gps-slash"]},"ph-gradient":{"glyph":"","terms":["gradient"]},"ph-graduation-cap":{"glyph":"","terms":["graduation-cap"]},"ph-grains":{"glyph":"","terms":["grains"]},"ph-grains-slash":{"glyph":"","terms":["grains-slash"]},"ph-graph":{"glyph":"","terms":["graph"]},"ph-graphics-card":{"glyph":"","terms":["graphics-card"]},"ph-greater-than":{"glyph":"","terms":["greater-than"]},"ph-greater-than-or-equal":{"glyph":"","terms":["greater-than-or-equal"]},"ph-grid-four":{"glyph":"","terms":["grid-four"]},"ph-grid-nine":{"glyph":"","terms":["grid-nine"]},"ph-guitar":{"glyph":"","terms":["guitar"]},"ph-hair-dryer":{"glyph":"","terms":["hair-dryer"]},"ph-hamburger":{"glyph":"","terms":["hamburger"]},"ph-hammer":{"glyph":"","terms":["hammer"]},"ph-hand":{"glyph":"","terms":["hand"]},"ph-hand-arrow-down":{"glyph":"","terms":["hand-arrow-down"]},"ph-hand-arrow-up":{"glyph":"","terms":["hand-arrow-up"]},"ph-hand-coins":{"glyph":"","terms":["hand-coins"]},"ph-hand-deposit":{"glyph":"","terms":["hand-deposit"]},"ph-hand-eye":{"glyph":"","terms":["hand-eye"]},"ph-hand-fist":{"glyph":"","terms":["hand-fist"]},"ph-hand-grabbing":{"glyph":"","terms":["hand-grabbing"]},"ph-hand-heart":{"glyph":"","terms":["hand-heart"]},"ph-hand-palm":{"glyph":"","terms":["hand-palm"]},"ph-hand-peace":{"glyph":"","terms":["hand-peace"]},"ph-hand-pointing":{"glyph":"","terms":["hand-pointing"]},"ph-hand-soap":{"glyph":"","terms":["hand-soap"]},"ph-hand-swipe-left":{"glyph":"","terms":["hand-swipe-left"]},"ph-hand-swipe-right":{"glyph":"","terms":["hand-swipe-right"]},"ph-hand-tap":{"glyph":"","terms":["hand-tap"]},"ph-hand-waving":{"glyph":"","terms":["hand-waving"]},"ph-hand-withdraw":{"glyph":"","terms":["hand-withdraw"]},"ph-handbag":{"glyph":"","terms":["handbag"]},"ph-handbag-simple":{"glyph":"","terms":["handbag-simple"]},"ph-hands-clapping":{"glyph":"","terms":["hands-clapping"]},"ph-hands-praying":{"glyph":"","terms":["hands-praying"]},"ph-handshake":{"glyph":"","terms":["handshake"]},"ph-hard-drive":{"glyph":"","terms":["hard-drive"]},"ph-hard-drives":{"glyph":"","terms":["hard-drives"]},"ph-hard-hat":{"glyph":"","terms":["hard-hat"]},"ph-hash":{"glyph":"","terms":["hash"]},"ph-hash-straight":{"glyph":"","terms":["hash-straight"]},"ph-head-circuit":{"glyph":"","terms":["head-circuit"]},"ph-headlights":{"glyph":"","terms":["headlights"]},"ph-headphones":{"glyph":"","terms":["headphones"]},"ph-headset":{"glyph":"","terms":["headset"]},"ph-heart":{"glyph":"","terms":["heart"]},"ph-heart-break":{"glyph":"","terms":["heart-break"]},"ph-heart-half":{"glyph":"","terms":["heart-half"]},"ph-heart-straight":{"glyph":"","terms":["heart-straight"]},"ph-heart-straight-break":{"glyph":"","terms":["heart-straight-break"]},"ph-heartbeat":{"glyph":"","terms":["heartbeat"]},"ph-hexagon":{"glyph":"","terms":["hexagon"]},"ph-high-definition":{"glyph":"","terms":["high-definition"]},"ph-high-heel":{"glyph":"","terms":["high-heel"]},"ph-highlighter":{"glyph":"","terms":["highlighter"]},"ph-highlighter-circle":{"glyph":"","terms":["highlighter-circle"]},"ph-hockey":{"glyph":"","terms":["hockey"]},"ph-hoodie":{"glyph":"","terms":["hoodie"]},"ph-horse":{"glyph":"","terms":["horse"]},"ph-hospital":{"glyph":"","terms":["hospital"]},"ph-hourglass":{"glyph":"","terms":["hourglass"]},"ph-hourglass-high":{"glyph":"","terms":["hourglass-high"]},"ph-hourglass-low":{"glyph":"","terms":["hourglass-low"]},"ph-hourglass-medium":{"glyph":"","terms":["hourglass-medium"]},"ph-hourglass-simple":{"glyph":"","terms":["hourglass-simple"]},"ph-hourglass-simple-high":{"glyph":"","terms":["hourglass-simple-high"]},"ph-hourglass-simple-low":{"glyph":"","terms":["hourglass-simple-low"]},"ph-hourglass-simple-medium":{"glyph":"","terms":["hourglass-simple-medium"]},"ph-house":{"glyph":"","terms":["house"]},"ph-house-line":{"glyph":"","terms":["house-line"]},"ph-house-simple":{"glyph":"","terms":["house-simple"]},"ph-hurricane":{"glyph":"","terms":["hurricane"]},"ph-ice-cream":{"glyph":"","terms":["ice-cream"]},"ph-identification-badge":{"glyph":"","terms":["identification-badge"]},"ph-identification-card":{"glyph":"","terms":["identification-card"]},"ph-image":{"glyph":"","terms":["image"]},"ph-image-broken":{"glyph":"","terms":["image-broken"]},"ph-image-square":{"glyph":"","terms":["image-square"]},"ph-images":{"glyph":"","terms":["images"]},"ph-images-square":{"glyph":"","terms":["images-square"]},"ph-infinity":{"glyph":"","terms":["infinity","lemniscate"]},"ph-info":{"glyph":"","terms":["info"]},"ph-instagram-logo":{"glyph":"","terms":["instagram-logo"]},"ph-intersect":{"glyph":"","terms":["intersect"]},"ph-intersect-square":{"glyph":"","terms":["intersect-square"]},"ph-intersect-three":{"glyph":"","terms":["intersect-three"]},"ph-intersection":{"glyph":"","terms":["intersection"]},"ph-invoice":{"glyph":"","terms":["invoice"]},"ph-island":{"glyph":"","terms":["island"]},"ph-jar":{"glyph":"","terms":["jar"]},"ph-jar-label":{"glyph":"","terms":["jar-label"]},"ph-jeep":{"glyph":"","terms":["jeep"]},"ph-joystick":{"glyph":"","terms":["joystick"]},"ph-kanban":{"glyph":"","terms":["kanban"]},"ph-key":{"glyph":"","terms":["key"]},"ph-key-return":{"glyph":"","terms":["key-return"]},"ph-keyboard":{"glyph":"","terms":["keyboard"]},"ph-keyhole":{"glyph":"","terms":["keyhole"]},"ph-knife":{"glyph":"","terms":["knife"]},"ph-ladder":{"glyph":"","terms":["ladder"]},"ph-ladder-simple":{"glyph":"","terms":["ladder-simple"]},"ph-lamp":{"glyph":"","terms":["lamp"]},"ph-lamp-pendant":{"glyph":"","terms":["lamp-pendant"]},"ph-laptop":{"glyph":"","terms":["laptop"]},"ph-lasso":{"glyph":"","terms":["lasso"]},"ph-lastfm-logo":{"glyph":"","terms":["lastfm-logo"]},"ph-layout":{"glyph":"","terms":["layout"]},"ph-leaf":{"glyph":"","terms":["leaf"]},"ph-lectern":{"glyph":"","terms":["lectern"]},"ph-lego":{"glyph":"","terms":["lego"]},"ph-lego-smiley":{"glyph":"","terms":["lego-smiley"]},"ph-less-than":{"glyph":"","terms":["less-than"]},"ph-less-than-or-equal":{"glyph":"","terms":["less-than-or-equal"]},"ph-letter-circle-h":{"glyph":"","terms":["letter-circle-h"]},"ph-letter-circle-p":{"glyph":"","terms":["letter-circle-p"]},"ph-letter-circle-v":{"glyph":"","terms":["letter-circle-v"]},"ph-lifebuoy":{"glyph":"","terms":["lifebuoy"]},"ph-lightbulb":{"glyph":"","terms":["lightbulb"]},"ph-lightbulb-filament":{"glyph":"","terms":["lightbulb-filament"]},"ph-lighthouse":{"glyph":"","terms":["lighthouse"]},"ph-lightning":{"glyph":"","terms":["lightning"]},"ph-lightning-a":{"glyph":"","terms":["lightning-a"]},"ph-lightning-slash":{"glyph":"","terms":["lightning-slash"]},"ph-line-segment":{"glyph":"","terms":["line-segment"]},"ph-line-segments":{"glyph":"","terms":["line-segments"]},"ph-line-vertical":{"glyph":"","terms":["line-vertical"]},"ph-link":{"glyph":"","terms":["link"]},"ph-link-break":{"glyph":"","terms":["link-break"]},"ph-link-simple":{"glyph":"","terms":["link-simple"]},"ph-link-simple-break":{"glyph":"","terms":["link-simple-break"]},"ph-link-simple-horizontal":{"glyph":"","terms":["link-simple-horizontal"]},"ph-link-simple-horizontal-break":{"glyph":"","terms":["link-simple-horizontal-break"]},"ph-linkedin-logo":{"glyph":"","terms":["linkedin-logo"]},"ph-linktree-logo":{"glyph":"","terms":["linktree-logo"]},"ph-linux-logo":{"glyph":"","terms":["linux-logo"]},"ph-list":{"glyph":"","terms":["list"]},"ph-list-bullets":{"glyph":"","terms":["list-bullets"]},"ph-list-checks":{"glyph":"","terms":["list-checks"]},"ph-list-dashes":{"glyph":"","terms":["list-dashes"]},"ph-list-heart":{"glyph":"","terms":["list-heart"]},"ph-list-magnifying-glass":{"glyph":"","terms":["list-magnifying-glass"]},"ph-list-numbers":{"glyph":"","terms":["list-numbers"]},"ph-list-plus":{"glyph":"","terms":["list-plus"]},"ph-list-star":{"glyph":"","terms":["list-star"]},"ph-lock":{"glyph":"","terms":["lock"]},"ph-lock-key":{"glyph":"","terms":["lock-key"]},"ph-lock-key-open":{"glyph":"","terms":["lock-key-open"]},"ph-lock-laminated":{"glyph":"","terms":["lock-laminated"]},"ph-lock-laminated-open":{"glyph":"","terms":["lock-laminated-open"]},"ph-lock-open":{"glyph":"","terms":["lock-open"]},"ph-lock-simple":{"glyph":"","terms":["lock-simple"]},"ph-lock-simple-open":{"glyph":"","terms":["lock-simple-open"]},"ph-lockers":{"glyph":"","terms":["lockers"]},"ph-log":{"glyph":"","terms":["log"]},"ph-magic-wand":{"glyph":"","terms":["magic-wand"]},"ph-magnet":{"glyph":"","terms":["magnet"]},"ph-magnet-straight":{"glyph":"","terms":["magnet-straight"]},"ph-magnifying-glass":{"glyph":"","terms":["magnifying-glass"]},"ph-magnifying-glass-minus":{"glyph":"","terms":["magnifying-glass-minus"]},"ph-magnifying-glass-plus":{"glyph":"","terms":["magnifying-glass-plus"]},"ph-mailbox":{"glyph":"","terms":["mailbox"]},"ph-map-pin":{"glyph":"","terms":["map-pin"]},"ph-map-pin-area":{"glyph":"","terms":["map-pin-area"]},"ph-map-pin-line":{"glyph":"","terms":["map-pin-line"]},"ph-map-pin-plus":{"glyph":"","terms":["map-pin-plus"]},"ph-map-pin-simple":{"glyph":"","terms":["map-pin-simple"]},"ph-map-pin-simple-area":{"glyph":"","terms":["map-pin-simple-area"]},"ph-map-pin-simple-line":{"glyph":"","terms":["map-pin-simple-line"]},"ph-map-trifold":{"glyph":"","terms":["map-trifold"]},"ph-markdown-logo":{"glyph":"","terms":["markdown-logo"]},"ph-marker-circle":{"glyph":"","terms":["marker-circle"]},"ph-martini":{"glyph":"","terms":["martini"]},"ph-mask-happy":{"glyph":"","terms":["mask-happy"]},"ph-mask-sad":{"glyph":"","terms":["mask-sad"]},"ph-mastodon-logo":{"glyph":"","terms":["mastodon-logo"]},"ph-math-operations":{"glyph":"","terms":["math-operations"]},"ph-matrix-logo":{"glyph":"","terms":["matrix-logo"]},"ph-medal":{"glyph":"","terms":["medal"]},"ph-medal-military":{"glyph":"","terms":["medal-military"]},"ph-medium-logo":{"glyph":"","terms":["medium-logo"]},"ph-megaphone":{"glyph":"","terms":["megaphone"]},"ph-megaphone-simple":{"glyph":"","terms":["megaphone-simple"]},"ph-member-of":{"glyph":"","terms":["member-of"]},"ph-memory":{"glyph":"","terms":["memory"]},"ph-messenger-logo":{"glyph":"","terms":["messenger-logo"]},"ph-meta-logo":{"glyph":"","terms":["meta-logo"]},"ph-meteor":{"glyph":"","terms":["meteor"]},"ph-metronome":{"glyph":"","terms":["metronome"]},"ph-microphone":{"glyph":"","terms":["microphone"]},"ph-microphone-slash":{"glyph":"","terms":["microphone-slash"]},"ph-microphone-stage":{"glyph":"","terms":["microphone-stage"]},"ph-microscope":{"glyph":"","terms":["microscope"]},"ph-microsoft-excel-logo":{"glyph":"","terms":["microsoft-excel-logo"]},"ph-microsoft-outlook-logo":{"glyph":"","terms":["microsoft-outlook-logo"]},"ph-microsoft-powerpoint-logo":{"glyph":"","terms":["microsoft-powerpoint-logo"]},"ph-microsoft-teams-logo":{"glyph":"","terms":["microsoft-teams-logo"]},"ph-microsoft-word-logo":{"glyph":"","terms":["microsoft-word-logo"]},"ph-minus":{"glyph":"","terms":["minus"]},"ph-minus-circle":{"glyph":"","terms":["minus-circle"]},"ph-minus-square":{"glyph":"","terms":["minus-square"]},"ph-money":{"glyph":"","terms":["money"]},"ph-money-wavy":{"glyph":"","terms":["money-wavy"]},"ph-monitor":{"glyph":"","terms":["monitor"]},"ph-monitor-arrow-up":{"glyph":"","terms":["monitor-arrow-up"]},"ph-monitor-play":{"glyph":"","terms":["monitor-play"]},"ph-moon":{"glyph":"","terms":["moon"]},"ph-moon-stars":{"glyph":"","terms":["moon-stars"]},"ph-moped":{"glyph":"","terms":["moped"]},"ph-moped-front":{"glyph":"","terms":["moped-front"]},"ph-mosque":{"glyph":"","terms":["mosque"]},"ph-motorcycle":{"glyph":"","terms":["motorcycle"]},"ph-mountains":{"glyph":"","terms":["mountains"]},"ph-mouse":{"glyph":"","terms":["mouse"]},"ph-mouse-left-click":{"glyph":"","terms":["mouse-left-click"]},"ph-mouse-middle-click":{"glyph":"","terms":["mouse-middle-click"]},"ph-mouse-right-click":{"glyph":"","terms":["mouse-right-click"]},"ph-mouse-scroll":{"glyph":"","terms":["mouse-scroll"]},"ph-mouse-simple":{"glyph":"","terms":["mouse-simple"]},"ph-music-note":{"glyph":"","terms":["music-note"]},"ph-music-note-simple":{"glyph":"","terms":["music-note-simple"]},"ph-music-notes":{"glyph":"","terms":["music-notes"]},"ph-music-notes-minus":{"glyph":"","terms":["music-notes-minus"]},"ph-music-notes-plus":{"glyph":"","terms":["music-notes-plus"]},"ph-music-notes-simple":{"glyph":"","terms":["music-notes-simple"]},"ph-navigation-arrow":{"glyph":"","terms":["navigation-arrow"]},"ph-needle":{"glyph":"","terms":["needle"]},"ph-network":{"glyph":"","terms":["network"]},"ph-network-slash":{"glyph":"","terms":["network-slash"]},"ph-network-x":{"glyph":"","terms":["network-x"]},"ph-newspaper":{"glyph":"","terms":["newspaper"]},"ph-newspaper-clipping":{"glyph":"","terms":["newspaper-clipping"]},"ph-not-equals":{"glyph":"","terms":["not-equals"]},"ph-not-member-of":{"glyph":"","terms":["not-member-of"]},"ph-not-subset-of":{"glyph":"","terms":["not-subset-of"]},"ph-not-superset-of":{"glyph":"","terms":["not-superset-of"]},"ph-notches":{"glyph":"","terms":["notches"]},"ph-note":{"glyph":"","terms":["note"]},"ph-note-blank":{"glyph":"","terms":["note-blank"]},"ph-note-pencil":{"glyph":"","terms":["note-pencil"]},"ph-notebook":{"glyph":"","terms":["notebook"]},"ph-notepad":{"glyph":"","terms":["notepad"]},"ph-notification":{"glyph":"","terms":["notification"]},"ph-notion-logo":{"glyph":"","terms":["notion-logo"]},"ph-nuclear-plant":{"glyph":"","terms":["nuclear-plant"]},"ph-number-circle-eight":{"glyph":"","terms":["number-circle-eight"]},"ph-number-circle-five":{"glyph":"","terms":["number-circle-five"]},"ph-number-circle-four":{"glyph":"","terms":["number-circle-four"]},"ph-number-circle-nine":{"glyph":"","terms":["number-circle-nine"]},"ph-number-circle-one":{"glyph":"","terms":["number-circle-one"]},"ph-number-circle-seven":{"glyph":"","terms":["number-circle-seven"]},"ph-number-circle-six":{"glyph":"","terms":["number-circle-six"]},"ph-number-circle-three":{"glyph":"","terms":["number-circle-three"]},"ph-number-circle-two":{"glyph":"","terms":["number-circle-two"]},"ph-number-circle-zero":{"glyph":"","terms":["number-circle-zero"]},"ph-number-eight":{"glyph":"","terms":["number-eight"]},"ph-number-five":{"glyph":"","terms":["number-five"]},"ph-number-four":{"glyph":"","terms":["number-four"]},"ph-number-nine":{"glyph":"","terms":["number-nine"]},"ph-number-one":{"glyph":"","terms":["number-one"]},"ph-number-seven":{"glyph":"","terms":["number-seven"]},"ph-number-six":{"glyph":"","terms":["number-six"]},"ph-number-square-eight":{"glyph":"","terms":["number-square-eight"]},"ph-number-square-five":{"glyph":"","terms":["number-square-five"]},"ph-number-square-four":{"glyph":"","terms":["number-square-four"]},"ph-number-square-nine":{"glyph":"","terms":["number-square-nine"]},"ph-number-square-one":{"glyph":"","terms":["number-square-one"]},"ph-number-square-seven":{"glyph":"","terms":["number-square-seven"]},"ph-number-square-six":{"glyph":"","terms":["number-square-six"]},"ph-number-square-three":{"glyph":"","terms":["number-square-three"]},"ph-number-square-two":{"glyph":"","terms":["number-square-two"]},"ph-number-square-zero":{"glyph":"","terms":["number-square-zero"]},"ph-number-three":{"glyph":"","terms":["number-three"]},"ph-number-two":{"glyph":"","terms":["number-two"]},"ph-number-zero":{"glyph":"","terms":["number-zero"]},"ph-numpad":{"glyph":"","terms":["numpad"]},"ph-nut":{"glyph":"","terms":["nut"]},"ph-ny-times-logo":{"glyph":"","terms":["ny-times-logo"]},"ph-octagon":{"glyph":"","terms":["octagon"]},"ph-office-chair":{"glyph":"","terms":["office-chair"]},"ph-onigiri":{"glyph":"","terms":["onigiri"]},"ph-open-ai-logo":{"glyph":"","terms":["open-ai-logo"]},"ph-option":{"glyph":"","terms":["option"]},"ph-orange":{"glyph":"","terms":["orange"]},"ph-orange-slice":{"glyph":"","terms":["orange-slice"]},"ph-oven":{"glyph":"","terms":["oven"]},"ph-package":{"glyph":"","terms":["package"]},"ph-paint-brush":{"glyph":"","terms":["paint-brush"]},"ph-paint-brush-broad":{"glyph":"","terms":["paint-brush-broad"]},"ph-paint-brush-household":{"glyph":"","terms":["paint-brush-household"]},"ph-paint-bucket":{"glyph":"","terms":["paint-bucket"]},"ph-paint-roller":{"glyph":"","terms":["paint-roller"]},"ph-palette":{"glyph":"","terms":["palette"]},"ph-panorama":{"glyph":"","terms":["panorama"]},"ph-pants":{"glyph":"","terms":["pants"]},"ph-paper-plane":{"glyph":"","terms":["paper-plane"]},"ph-paper-plane-right":{"glyph":"","terms":["paper-plane-right"]},"ph-paper-plane-tilt":{"glyph":"","terms":["paper-plane-tilt"]},"ph-paperclip":{"glyph":"","terms":["paperclip"]},"ph-paperclip-horizontal":{"glyph":"","terms":["paperclip-horizontal"]},"ph-parachute":{"glyph":"","terms":["parachute"]},"ph-paragraph":{"glyph":"","terms":["paragraph"]},"ph-parallelogram":{"glyph":"","terms":["parallelogram"]},"ph-park":{"glyph":"","terms":["park"]},"ph-password":{"glyph":"","terms":["password"]},"ph-path":{"glyph":"","terms":["path"]},"ph-patreon-logo":{"glyph":"","terms":["patreon-logo"]},"ph-pause":{"glyph":"","terms":["pause"]},"ph-pause-circle":{"glyph":"","terms":["pause-circle"]},"ph-paw-print":{"glyph":"","terms":["paw-print"]},"ph-paypal-logo":{"glyph":"","terms":["paypal-logo"]},"ph-peace":{"glyph":"","terms":["peace"]},"ph-pen":{"glyph":"","terms":["pen"]},"ph-pen-nib":{"glyph":"","terms":["pen-nib"]},"ph-pen-nib-straight":{"glyph":"","terms":["pen-nib-straight"]},"ph-pencil":{"glyph":"","terms":["pencil"]},"ph-pencil-circle":{"glyph":"","terms":["pencil-circle"]},"ph-pencil-line":{"glyph":"","terms":["pencil-line"]},"ph-pencil-ruler":{"glyph":"","terms":["pencil-ruler"]},"ph-pencil-simple":{"glyph":"","terms":["pencil-simple"]},"ph-pencil-simple-line":{"glyph":"","terms":["pencil-simple-line"]},"ph-pencil-simple-slash":{"glyph":"","terms":["pencil-simple-slash"]},"ph-pencil-slash":{"glyph":"","terms":["pencil-slash"]},"ph-pentagon":{"glyph":"","terms":["pentagon"]},"ph-pentagram":{"glyph":"","terms":["pentagram"]},"ph-pepper":{"glyph":"","terms":["pepper"]},"ph-percent":{"glyph":"","terms":["percent"]},"ph-person":{"glyph":"","terms":["person"]},"ph-person-arms-spread":{"glyph":"","terms":["person-arms-spread"]},"ph-person-simple":{"glyph":"","terms":["person-simple"]},"ph-person-simple-bike":{"glyph":"","terms":["person-simple-bike"]},"ph-person-simple-circle":{"glyph":"","terms":["person-simple-circle"]},"ph-person-simple-hike":{"glyph":"","terms":["person-simple-hike"]},"ph-person-simple-run":{"glyph":"","terms":["person-simple-run"]},"ph-person-simple-ski":{"glyph":"","terms":["person-simple-ski"]},"ph-person-simple-snowboard":{"glyph":"","terms":["person-simple-snowboard"]},"ph-person-simple-swim":{"glyph":"","terms":["person-simple-swim"]},"ph-person-simple-tai-chi":{"glyph":"","terms":["person-simple-tai-chi"]},"ph-person-simple-throw":{"glyph":"","terms":["person-simple-throw"]},"ph-person-simple-walk":{"glyph":"","terms":["person-simple-walk"]},"ph-perspective":{"glyph":"","terms":["perspective"]},"ph-phone":{"glyph":"","terms":["phone"]},"ph-phone-call":{"glyph":"","terms":["phone-call"]},"ph-phone-disconnect":{"glyph":"","terms":["phone-disconnect"]},"ph-phone-incoming":{"glyph":"","terms":["phone-incoming"]},"ph-phone-list":{"glyph":"","terms":["phone-list"]},"ph-phone-outgoing":{"glyph":"","terms":["phone-outgoing"]},"ph-phone-pause":{"glyph":"","terms":["phone-pause"]},"ph-phone-plus":{"glyph":"","terms":["phone-plus"]},"ph-phone-slash":{"glyph":"","terms":["phone-slash"]},"ph-phone-transfer":{"glyph":"","terms":["phone-transfer"]},"ph-phone-x":{"glyph":"","terms":["phone-x"]},"ph-phosphor-logo":{"glyph":"","terms":["phosphor-logo"]},"ph-pi":{"glyph":"","terms":["pi"]},"ph-piano-keys":{"glyph":"","terms":["piano-keys"]},"ph-picnic-table":{"glyph":"","terms":["picnic-table"]},"ph-picture-in-picture":{"glyph":"","terms":["picture-in-picture"]},"ph-piggy-bank":{"glyph":"","terms":["piggy-bank"]},"ph-pill":{"glyph":"","terms":["pill"]},"ph-ping-pong":{"glyph":"","terms":["ping-pong"]},"ph-pint-glass":{"glyph":"","terms":["pint-glass"]},"ph-pinterest-logo":{"glyph":"","terms":["pinterest-logo"]},"ph-pinwheel":{"glyph":"","terms":["pinwheel"]},"ph-pipe":{"glyph":"","terms":["pipe"]},"ph-pipe-wrench":{"glyph":"","terms":["pipe-wrench"]},"ph-pix-logo":{"glyph":"","terms":["pix-logo"]},"ph-pizza":{"glyph":"","terms":["pizza"]},"ph-placeholder":{"glyph":"","terms":["placeholder"]},"ph-planet":{"glyph":"","terms":["planet"]},"ph-plant":{"glyph":"","terms":["plant"]},"ph-play":{"glyph":"","terms":["play"]},"ph-play-circle":{"glyph":"","terms":["play-circle"]},"ph-play-pause":{"glyph":"","terms":["play-pause"]},"ph-playlist":{"glyph":"","terms":["playlist"]},"ph-plug":{"glyph":"","terms":["plug"]},"ph-plug-charging":{"glyph":"","terms":["plug-charging"]},"ph-plugs":{"glyph":"","terms":["plugs"]},"ph-plugs-connected":{"glyph":"","terms":["plugs-connected"]},"ph-plus":{"glyph":"","terms":["plus"]},"ph-plus-circle":{"glyph":"","terms":["plus-circle"]},"ph-plus-minus":{"glyph":"","terms":["plus-minus"]},"ph-plus-square":{"glyph":"","terms":["plus-square"]},"ph-poker-chip":{"glyph":"","terms":["poker-chip"]},"ph-police-car":{"glyph":"","terms":["police-car"]},"ph-polygon":{"glyph":"","terms":["polygon"]},"ph-popcorn":{"glyph":"","terms":["popcorn"]},"ph-popsicle":{"glyph":"","terms":["popsicle"]},"ph-potted-plant":{"glyph":"","terms":["potted-plant"]},"ph-power":{"glyph":"","terms":["power"]},"ph-prescription":{"glyph":"","terms":["prescription"]},"ph-presentation":{"glyph":"","terms":["presentation"]},"ph-presentation-chart":{"glyph":"","terms":["presentation-chart"]},"ph-printer":{"glyph":"","terms":["printer"]},"ph-prohibit":{"glyph":"","terms":["prohibit"]},"ph-prohibit-inset":{"glyph":"","terms":["prohibit-inset"]},"ph-projector-screen":{"glyph":"","terms":["projector-screen"]},"ph-projector-screen-chart":{"glyph":"","terms":["projector-screen-chart"]},"ph-pulse":{"glyph":"","terms":["pulse","activity"]},"ph-push-pin":{"glyph":"","terms":["push-pin"]},"ph-push-pin-simple":{"glyph":"","terms":["push-pin-simple"]},"ph-push-pin-simple-slash":{"glyph":"","terms":["push-pin-simple-slash"]},"ph-push-pin-slash":{"glyph":"","terms":["push-pin-slash"]},"ph-puzzle-piece":{"glyph":"","terms":["puzzle-piece"]},"ph-qr-code":{"glyph":"","terms":["qr-code"]},"ph-question":{"glyph":"","terms":["question"]},"ph-question-mark":{"glyph":"","terms":["question-mark"]},"ph-queue":{"glyph":"","terms":["queue"]},"ph-quotes":{"glyph":"","terms":["quotes"]},"ph-rabbit":{"glyph":"","terms":["rabbit"]},"ph-racquet":{"glyph":"","terms":["racquet"]},"ph-radical":{"glyph":"","terms":["radical"]},"ph-radio":{"glyph":"","terms":["radio"]},"ph-radio-button":{"glyph":"","terms":["radio-button"]},"ph-radioactive":{"glyph":"","terms":["radioactive"]},"ph-rainbow":{"glyph":"","terms":["rainbow"]},"ph-rainbow-cloud":{"glyph":"","terms":["rainbow-cloud"]},"ph-ranking":{"glyph":"","terms":["ranking"]},"ph-read-cv-logo":{"glyph":"","terms":["read-cv-logo"]},"ph-receipt":{"glyph":"","terms":["receipt"]},"ph-receipt-x":{"glyph":"","terms":["receipt-x"]},"ph-record":{"glyph":"","terms":["record"]},"ph-rectangle":{"glyph":"","terms":["rectangle"]},"ph-rectangle-dashed":{"glyph":"","terms":["rectangle-dashed"]},"ph-recycle":{"glyph":"","terms":["recycle"]},"ph-reddit-logo":{"glyph":"","terms":["reddit-logo"]},"ph-repeat":{"glyph":"","terms":["repeat"]},"ph-repeat-once":{"glyph":"","terms":["repeat-once"]},"ph-replit-logo":{"glyph":"","terms":["replit-logo"]},"ph-resize":{"glyph":"","terms":["resize"]},"ph-rewind":{"glyph":"","terms":["rewind"]},"ph-rewind-circle":{"glyph":"","terms":["rewind-circle"]},"ph-road-horizon":{"glyph":"","terms":["road-horizon"]},"ph-robot":{"glyph":"","terms":["robot"]},"ph-rocket":{"glyph":"","terms":["rocket"]},"ph-rocket-launch":{"glyph":"","terms":["rocket-launch"]},"ph-rows":{"glyph":"","terms":["rows"]},"ph-rows-plus-bottom":{"glyph":"","terms":["rows-plus-bottom"]},"ph-rows-plus-top":{"glyph":"","terms":["rows-plus-top"]},"ph-rss":{"glyph":"","terms":["rss"]},"ph-rss-simple":{"glyph":"","terms":["rss-simple"]},"ph-rug":{"glyph":"","terms":["rug"]},"ph-ruler":{"glyph":"","terms":["ruler"]},"ph-sailboat":{"glyph":"","terms":["sailboat"]},"ph-scales":{"glyph":"","terms":["scales"]},"ph-scan":{"glyph":"","terms":["scan"]},"ph-scan-smiley":{"glyph":"","terms":["scan-smiley"]},"ph-scissors":{"glyph":"","terms":["scissors"]},"ph-scooter":{"glyph":"","terms":["scooter"]},"ph-screencast":{"glyph":"","terms":["screencast"]},"ph-screwdriver":{"glyph":"","terms":["screwdriver"]},"ph-scribble":{"glyph":"","terms":["scribble"]},"ph-scribble-loop":{"glyph":"","terms":["scribble-loop"]},"ph-scroll":{"glyph":"","terms":["scroll"]},"ph-seal":{"glyph":"","terms":["seal","circle-wavy"]},"ph-seal-check":{"glyph":"","terms":["seal-check","circle-wavy-check"]},"ph-seal-percent":{"glyph":"","terms":["seal-percent"]},"ph-seal-question":{"glyph":"","terms":["seal-question","circle-wavy-question"]},"ph-seal-warning":{"glyph":"","terms":["seal-warning","circle-wavy-warning"]},"ph-seat":{"glyph":"","terms":["seat"]},"ph-seatbelt":{"glyph":"","terms":["seatbelt"]},"ph-security-camera":{"glyph":"","terms":["security-camera"]},"ph-selection":{"glyph":"","terms":["selection"]},"ph-selection-all":{"glyph":"","terms":["selection-all"]},"ph-selection-background":{"glyph":"","terms":["selection-background"]},"ph-selection-foreground":{"glyph":"","terms":["selection-foreground"]},"ph-selection-inverse":{"glyph":"","terms":["selection-inverse"]},"ph-selection-plus":{"glyph":"","terms":["selection-plus"]},"ph-selection-slash":{"glyph":"","terms":["selection-slash"]},"ph-shapes":{"glyph":"","terms":["shapes"]},"ph-share":{"glyph":"","terms":["share"]},"ph-share-fat":{"glyph":"","terms":["share-fat"]},"ph-share-network":{"glyph":"","terms":["share-network"]},"ph-shield":{"glyph":"","terms":["shield"]},"ph-shield-check":{"glyph":"","terms":["shield-check"]},"ph-shield-checkered":{"glyph":"","terms":["shield-checkered"]},"ph-shield-chevron":{"glyph":"","terms":["shield-chevron"]},"ph-shield-plus":{"glyph":"","terms":["shield-plus"]},"ph-shield-slash":{"glyph":"","terms":["shield-slash"]},"ph-shield-star":{"glyph":"","terms":["shield-star"]},"ph-shield-warning":{"glyph":"","terms":["shield-warning"]},"ph-shipping-container":{"glyph":"","terms":["shipping-container"]},"ph-shirt-folded":{"glyph":"","terms":["shirt-folded"]},"ph-shooting-star":{"glyph":"","terms":["shooting-star"]},"ph-shopping-bag":{"glyph":"","terms":["shopping-bag"]},"ph-shopping-bag-open":{"glyph":"","terms":["shopping-bag-open"]},"ph-shopping-cart":{"glyph":"","terms":["shopping-cart"]},"ph-shopping-cart-simple":{"glyph":"","terms":["shopping-cart-simple"]},"ph-shovel":{"glyph":"","terms":["shovel"]},"ph-shower":{"glyph":"","terms":["shower"]},"ph-shrimp":{"glyph":"","terms":["shrimp"]},"ph-shuffle":{"glyph":"","terms":["shuffle"]},"ph-shuffle-angular":{"glyph":"","terms":["shuffle-angular"]},"ph-shuffle-simple":{"glyph":"","terms":["shuffle-simple"]},"ph-sidebar":{"glyph":"","terms":["sidebar"]},"ph-sidebar-simple":{"glyph":"","terms":["sidebar-simple"]},"ph-sigma":{"glyph":"","terms":["sigma"]},"ph-sign-in":{"glyph":"","terms":["sign-in"]},"ph-sign-out":{"glyph":"","terms":["sign-out"]},"ph-signature":{"glyph":"","terms":["signature"]},"ph-signpost":{"glyph":"","terms":["signpost"]},"ph-sim-card":{"glyph":"","terms":["sim-card"]},"ph-siren":{"glyph":"","terms":["siren"]},"ph-sketch-logo":{"glyph":"","terms":["sketch-logo"]},"ph-skip-back":{"glyph":"","terms":["skip-back"]},"ph-skip-back-circle":{"glyph":"","terms":["skip-back-circle"]},"ph-skip-forward":{"glyph":"","terms":["skip-forward"]},"ph-skip-forward-circle":{"glyph":"","terms":["skip-forward-circle"]},"ph-skull":{"glyph":"","terms":["skull"]},"ph-skype-logo":{"glyph":"","terms":["skype-logo"]},"ph-slack-logo":{"glyph":"","terms":["slack-logo"]},"ph-sliders":{"glyph":"","terms":["sliders"]},"ph-sliders-horizontal":{"glyph":"","terms":["sliders-horizontal"]},"ph-slideshow":{"glyph":"","terms":["slideshow"]},"ph-smiley":{"glyph":"","terms":["smiley"]},"ph-smiley-angry":{"glyph":"","terms":["smiley-angry"]},"ph-smiley-blank":{"glyph":"","terms":["smiley-blank"]},"ph-smiley-meh":{"glyph":"","terms":["smiley-meh"]},"ph-smiley-melting":{"glyph":"","terms":["smiley-melting"]},"ph-smiley-nervous":{"glyph":"","terms":["smiley-nervous"]},"ph-smiley-sad":{"glyph":"","terms":["smiley-sad"]},"ph-smiley-sticker":{"glyph":"","terms":["smiley-sticker"]},"ph-smiley-wink":{"glyph":"","terms":["smiley-wink"]},"ph-smiley-x-eyes":{"glyph":"","terms":["smiley-x-eyes"]},"ph-snapchat-logo":{"glyph":"","terms":["snapchat-logo"]},"ph-sneaker":{"glyph":"","terms":["sneaker"]},"ph-sneaker-move":{"glyph":"","terms":["sneaker-move"]},"ph-snowflake":{"glyph":"","terms":["snowflake"]},"ph-soccer-ball":{"glyph":"","terms":["soccer-ball"]},"ph-sock":{"glyph":"","terms":["sock"]},"ph-solar-panel":{"glyph":"","terms":["solar-panel"]},"ph-solar-roof":{"glyph":"","terms":["solar-roof"]},"ph-sort-ascending":{"glyph":"","terms":["sort-ascending"]},"ph-sort-descending":{"glyph":"","terms":["sort-descending"]},"ph-soundcloud-logo":{"glyph":"","terms":["soundcloud-logo"]},"ph-spade":{"glyph":"","terms":["spade"]},"ph-sparkle":{"glyph":"","terms":["sparkle"]},"ph-speaker-hifi":{"glyph":"","terms":["speaker-hifi"]},"ph-speaker-high":{"glyph":"","terms":["speaker-high"]},"ph-speaker-low":{"glyph":"","terms":["speaker-low"]},"ph-speaker-none":{"glyph":"","terms":["speaker-none"]},"ph-speaker-simple-high":{"glyph":"","terms":["speaker-simple-high"]},"ph-speaker-simple-low":{"glyph":"","terms":["speaker-simple-low"]},"ph-speaker-simple-none":{"glyph":"","terms":["speaker-simple-none"]},"ph-speaker-simple-slash":{"glyph":"","terms":["speaker-simple-slash"]},"ph-speaker-simple-x":{"glyph":"","terms":["speaker-simple-x"]},"ph-speaker-slash":{"glyph":"","terms":["speaker-slash"]},"ph-speaker-x":{"glyph":"","terms":["speaker-x"]},"ph-speedometer":{"glyph":"","terms":["speedometer"]},"ph-sphere":{"glyph":"","terms":["sphere"]},"ph-spinner":{"glyph":"","terms":["spinner"]},"ph-spinner-ball":{"glyph":"","terms":["spinner-ball"]},"ph-spinner-gap":{"glyph":"","terms":["spinner-gap"]},"ph-spiral":{"glyph":"","terms":["spiral"]},"ph-split-horizontal":{"glyph":"","terms":["split-horizontal"]},"ph-split-vertical":{"glyph":"","terms":["split-vertical"]},"ph-spotify-logo":{"glyph":"","terms":["spotify-logo"]},"ph-spray-bottle":{"glyph":"","terms":["spray-bottle"]},"ph-square":{"glyph":"","terms":["square"]},"ph-square-half":{"glyph":"","terms":["square-half"]},"ph-square-half-bottom":{"glyph":"","terms":["square-half-bottom"]},"ph-square-logo":{"glyph":"","terms":["square-logo"]},"ph-square-split-horizontal":{"glyph":"","terms":["square-split-horizontal"]},"ph-square-split-vertical":{"glyph":"","terms":["square-split-vertical"]},"ph-squares-four":{"glyph":"","terms":["squares-four"]},"ph-stack":{"glyph":"","terms":["stack"]},"ph-stack-minus":{"glyph":"","terms":["stack-minus"]},"ph-stack-overflow-logo":{"glyph":"","terms":["stack-overflow-logo"]},"ph-stack-plus":{"glyph":"","terms":["stack-plus"]},"ph-stack-simple":{"glyph":"","terms":["stack-simple"]},"ph-stairs":{"glyph":"","terms":["stairs"]},"ph-stamp":{"glyph":"","terms":["stamp"]},"ph-standard-definition":{"glyph":"","terms":["standard-definition"]},"ph-star":{"glyph":"","terms":["star"]},"ph-star-and-crescent":{"glyph":"","terms":["star-and-crescent"]},"ph-star-four":{"glyph":"","terms":["star-four"]},"ph-star-half":{"glyph":"","terms":["star-half"]},"ph-star-of-david":{"glyph":"","terms":["star-of-david"]},"ph-steam-logo":{"glyph":"","terms":["steam-logo"]},"ph-steering-wheel":{"glyph":"","terms":["steering-wheel"]},"ph-steps":{"glyph":"","terms":["steps"]},"ph-stethoscope":{"glyph":"","terms":["stethoscope"]},"ph-sticker":{"glyph":"","terms":["sticker"]},"ph-stool":{"glyph":"","terms":["stool"]},"ph-stop":{"glyph":"","terms":["stop"]},"ph-stop-circle":{"glyph":"","terms":["stop-circle"]},"ph-storefront":{"glyph":"","terms":["storefront"]},"ph-strategy":{"glyph":"","terms":["strategy"]},"ph-stripe-logo":{"glyph":"","terms":["stripe-logo"]},"ph-student":{"glyph":"","terms":["student"]},"ph-subset-of":{"glyph":"","terms":["subset-of"]},"ph-subset-proper-of":{"glyph":"","terms":["subset-proper-of"]},"ph-subtitles":{"glyph":"","terms":["subtitles"]},"ph-subtitles-slash":{"glyph":"","terms":["subtitles-slash"]},"ph-subtract":{"glyph":"","terms":["subtract"]},"ph-subtract-square":{"glyph":"","terms":["subtract-square"]},"ph-subway":{"glyph":"","terms":["subway"]},"ph-suitcase":{"glyph":"","terms":["suitcase"]},"ph-suitcase-rolling":{"glyph":"","terms":["suitcase-rolling"]},"ph-suitcase-simple":{"glyph":"","terms":["suitcase-simple"]},"ph-sun":{"glyph":"","terms":["sun"]},"ph-sun-dim":{"glyph":"","terms":["sun-dim"]},"ph-sun-horizon":{"glyph":"","terms":["sun-horizon"]},"ph-sunglasses":{"glyph":"","terms":["sunglasses"]},"ph-superset-of":{"glyph":"","terms":["superset-of"]},"ph-superset-proper-of":{"glyph":"","terms":["superset-proper-of"]},"ph-swap":{"glyph":"","terms":["swap"]},"ph-swatches":{"glyph":"","terms":["swatches"]},"ph-swimming-pool":{"glyph":"","terms":["swimming-pool"]},"ph-sword":{"glyph":"","terms":["sword"]},"ph-synagogue":{"glyph":"","terms":["synagogue"]},"ph-syringe":{"glyph":"","terms":["syringe"]},"ph-t-shirt":{"glyph":"","terms":["t-shirt"]},"ph-table":{"glyph":"","terms":["table"]},"ph-tabs":{"glyph":"","terms":["tabs"]},"ph-tag":{"glyph":"","terms":["tag"]},"ph-tag-chevron":{"glyph":"","terms":["tag-chevron"]},"ph-tag-simple":{"glyph":"","terms":["tag-simple"]},"ph-target":{"glyph":"","terms":["target"]},"ph-taxi":{"glyph":"","terms":["taxi"]},"ph-tea-bag":{"glyph":"","terms":["tea-bag"]},"ph-telegram-logo":{"glyph":"","terms":["telegram-logo"]},"ph-television":{"glyph":"","terms":["television"]},"ph-television-simple":{"glyph":"","terms":["television-simple"]},"ph-tennis-ball":{"glyph":"","terms":["tennis-ball"]},"ph-tent":{"glyph":"","terms":["tent"]},"ph-terminal":{"glyph":"","terms":["terminal"]},"ph-terminal-window":{"glyph":"","terms":["terminal-window"]},"ph-test-tube":{"glyph":"","terms":["test-tube"]},"ph-text-a-underline":{"glyph":"","terms":["text-a-underline"]},"ph-text-aa":{"glyph":"","terms":["text-aa"]},"ph-text-align-center":{"glyph":"","terms":["text-align-center"]},"ph-text-align-justify":{"glyph":"","terms":["text-align-justify"]},"ph-text-align-left":{"glyph":"","terms":["text-align-left"]},"ph-text-align-right":{"glyph":"","terms":["text-align-right"]},"ph-text-b":{"glyph":"","terms":["text-b","text-bolder"]},"ph-text-columns":{"glyph":"","terms":["text-columns"]},"ph-text-h":{"glyph":"","terms":["text-h"]},"ph-text-h-five":{"glyph":"","terms":["text-h-five"]},"ph-text-h-four":{"glyph":"","terms":["text-h-four"]},"ph-text-h-one":{"glyph":"","terms":["text-h-one"]},"ph-text-h-six":{"glyph":"","terms":["text-h-six"]},"ph-text-h-three":{"glyph":"","terms":["text-h-three"]},"ph-text-h-two":{"glyph":"","terms":["text-h-two"]},"ph-text-indent":{"glyph":"","terms":["text-indent"]},"ph-text-italic":{"glyph":"","terms":["text-italic"]},"ph-text-outdent":{"glyph":"","terms":["text-outdent"]},"ph-text-strikethrough":{"glyph":"","terms":["text-strikethrough"]},"ph-text-subscript":{"glyph":"","terms":["text-subscript"]},"ph-text-superscript":{"glyph":"","terms":["text-superscript"]},"ph-text-t":{"glyph":"","terms":["text-t"]},"ph-text-t-slash":{"glyph":"","terms":["text-t-slash"]},"ph-text-underline":{"glyph":"","terms":["text-underline"]},"ph-textbox":{"glyph":"","terms":["textbox"]},"ph-thermometer":{"glyph":"","terms":["thermometer"]},"ph-thermometer-cold":{"glyph":"","terms":["thermometer-cold"]},"ph-thermometer-hot":{"glyph":"","terms":["thermometer-hot"]},"ph-thermometer-simple":{"glyph":"","terms":["thermometer-simple"]},"ph-threads-logo":{"glyph":"","terms":["threads-logo"]},"ph-three-d":{"glyph":"","terms":["three-d"]},"ph-thumbs-down":{"glyph":"","terms":["thumbs-down"]},"ph-thumbs-up":{"glyph":"","terms":["thumbs-up"]},"ph-ticket":{"glyph":"","terms":["ticket"]},"ph-tidal-logo":{"glyph":"","terms":["tidal-logo"]},"ph-tiktok-logo":{"glyph":"","terms":["tiktok-logo"]},"ph-tilde":{"glyph":"","terms":["tilde"]},"ph-timer":{"glyph":"","terms":["timer"]},"ph-tip-jar":{"glyph":"","terms":["tip-jar"]},"ph-tipi":{"glyph":"","terms":["tipi"]},"ph-tire":{"glyph":"","terms":["tire"]},"ph-toggle-left":{"glyph":"","terms":["toggle-left"]},"ph-toggle-right":{"glyph":"","terms":["toggle-right"]},"ph-toilet":{"glyph":"","terms":["toilet"]},"ph-toilet-paper":{"glyph":"","terms":["toilet-paper"]},"ph-toolbox":{"glyph":"","terms":["toolbox"]},"ph-tooth":{"glyph":"","terms":["tooth"]},"ph-tornado":{"glyph":"","terms":["tornado"]},"ph-tote":{"glyph":"","terms":["tote"]},"ph-tote-simple":{"glyph":"","terms":["tote-simple"]},"ph-towel":{"glyph":"","terms":["towel"]},"ph-tractor":{"glyph":"","terms":["tractor"]},"ph-trademark":{"glyph":"","terms":["trademark"]},"ph-trademark-registered":{"glyph":"","terms":["trademark-registered"]},"ph-traffic-cone":{"glyph":"","terms":["traffic-cone"]},"ph-traffic-sign":{"glyph":"","terms":["traffic-sign"]},"ph-traffic-signal":{"glyph":"","terms":["traffic-signal"]},"ph-train":{"glyph":"","terms":["train"]},"ph-train-regional":{"glyph":"","terms":["train-regional"]},"ph-train-simple":{"glyph":"","terms":["train-simple"]},"ph-tram":{"glyph":"","terms":["tram"]},"ph-translate":{"glyph":"","terms":["translate"]},"ph-trash":{"glyph":"","terms":["trash"]},"ph-trash-simple":{"glyph":"","terms":["trash-simple"]},"ph-tray":{"glyph":"","terms":["tray"]},"ph-tray-arrow-down":{"glyph":"","terms":["tray-arrow-down","archive-tray"]},"ph-tray-arrow-up":{"glyph":"","terms":["tray-arrow-up"]},"ph-treasure-chest":{"glyph":"","terms":["treasure-chest"]},"ph-tree":{"glyph":"","terms":["tree"]},"ph-tree-evergreen":{"glyph":"","terms":["tree-evergreen"]},"ph-tree-palm":{"glyph":"","terms":["tree-palm"]},"ph-tree-structure":{"glyph":"","terms":["tree-structure"]},"ph-tree-view":{"glyph":"","terms":["tree-view"]},"ph-trend-down":{"glyph":"","terms":["trend-down"]},"ph-trend-up":{"glyph":"","terms":["trend-up"]},"ph-triangle":{"glyph":"","terms":["triangle"]},"ph-triangle-dashed":{"glyph":"","terms":["triangle-dashed"]},"ph-trolley":{"glyph":"","terms":["trolley"]},"ph-trolley-suitcase":{"glyph":"","terms":["trolley-suitcase"]},"ph-trophy":{"glyph":"","terms":["trophy"]},"ph-truck":{"glyph":"","terms":["truck"]},"ph-truck-trailer":{"glyph":"","terms":["truck-trailer"]},"ph-tumblr-logo":{"glyph":"","terms":["tumblr-logo"]},"ph-twitch-logo":{"glyph":"","terms":["twitch-logo"]},"ph-twitter-logo":{"glyph":"","terms":["twitter-logo"]},"ph-umbrella":{"glyph":"","terms":["umbrella"]},"ph-umbrella-simple":{"glyph":"","terms":["umbrella-simple"]},"ph-union":{"glyph":"","terms":["union"]},"ph-unite":{"glyph":"","terms":["unite"]},"ph-unite-square":{"glyph":"","terms":["unite-square"]},"ph-upload":{"glyph":"","terms":["upload"]},"ph-upload-simple":{"glyph":"","terms":["upload-simple"]},"ph-usb":{"glyph":"","terms":["usb"]},"ph-user":{"glyph":"","terms":["user"]},"ph-user-check":{"glyph":"","terms":["user-check"]},"ph-user-circle":{"glyph":"","terms":["user-circle"]},"ph-user-circle-check":{"glyph":"","terms":["user-circle-check"]},"ph-user-circle-dashed":{"glyph":"","terms":["user-circle-dashed"]},"ph-user-circle-gear":{"glyph":"","terms":["user-circle-gear"]},"ph-user-circle-minus":{"glyph":"","terms":["user-circle-minus"]},"ph-user-circle-plus":{"glyph":"","terms":["user-circle-plus"]},"ph-user-focus":{"glyph":"","terms":["user-focus"]},"ph-user-gear":{"glyph":"","terms":["user-gear"]},"ph-user-list":{"glyph":"","terms":["user-list"]},"ph-user-minus":{"glyph":"","terms":["user-minus"]},"ph-user-plus":{"glyph":"","terms":["user-plus"]},"ph-user-rectangle":{"glyph":"","terms":["user-rectangle"]},"ph-user-sound":{"glyph":"","terms":["user-sound"]},"ph-user-square":{"glyph":"","terms":["user-square"]},"ph-user-switch":{"glyph":"","terms":["user-switch"]},"ph-users":{"glyph":"","terms":["users"]},"ph-users-four":{"glyph":"","terms":["users-four"]},"ph-users-three":{"glyph":"","terms":["users-three"]},"ph-van":{"glyph":"","terms":["van"]},"ph-vault":{"glyph":"","terms":["vault"]},"ph-vector-three":{"glyph":"","terms":["vector-three"]},"ph-vector-two":{"glyph":"","terms":["vector-two"]},"ph-vibrate":{"glyph":"","terms":["vibrate"]},"ph-video":{"glyph":"","terms":["video"]},"ph-video-camera":{"glyph":"","terms":["video-camera"]},"ph-video-camera-slash":{"glyph":"","terms":["video-camera-slash"]},"ph-video-conference":{"glyph":"","terms":["video-conference"]},"ph-vignette":{"glyph":"","terms":["vignette"]},"ph-vinyl-record":{"glyph":"","terms":["vinyl-record"]},"ph-virtual-reality":{"glyph":"","terms":["virtual-reality"]},"ph-virus":{"glyph":"","terms":["virus"]},"ph-visor":{"glyph":"","terms":["visor"]},"ph-voicemail":{"glyph":"","terms":["voicemail"]},"ph-volleyball":{"glyph":"","terms":["volleyball"]},"ph-wall":{"glyph":"","terms":["wall"]},"ph-wallet":{"glyph":"","terms":["wallet"]},"ph-warehouse":{"glyph":"","terms":["warehouse"]},"ph-warning":{"glyph":"","terms":["warning"]},"ph-warning-circle":{"glyph":"","terms":["warning-circle"]},"ph-warning-diamond":{"glyph":"","terms":["warning-diamond"]},"ph-warning-octagon":{"glyph":"","terms":["warning-octagon"]},"ph-washing-machine":{"glyph":"","terms":["washing-machine"]},"ph-watch":{"glyph":"","terms":["watch"]},"ph-wave-sawtooth":{"glyph":"","terms":["wave-sawtooth"]},"ph-wave-sine":{"glyph":"","terms":["wave-sine"]},"ph-wave-square":{"glyph":"","terms":["wave-square"]},"ph-wave-triangle":{"glyph":"","terms":["wave-triangle"]},"ph-waveform":{"glyph":"","terms":["waveform"]},"ph-waveform-slash":{"glyph":"","terms":["waveform-slash"]},"ph-waves":{"glyph":"","terms":["waves"]},"ph-webcam":{"glyph":"","terms":["webcam"]},"ph-webcam-slash":{"glyph":"","terms":["webcam-slash"]},"ph-webhooks-logo":{"glyph":"","terms":["webhooks-logo"]},"ph-wechat-logo":{"glyph":"","terms":["wechat-logo"]},"ph-whatsapp-logo":{"glyph":"","terms":["whatsapp-logo"]},"ph-wheelchair":{"glyph":"","terms":["wheelchair"]},"ph-wheelchair-motion":{"glyph":"","terms":["wheelchair-motion"]},"ph-wifi-high":{"glyph":"","terms":["wifi-high"]},"ph-wifi-low":{"glyph":"","terms":["wifi-low"]},"ph-wifi-medium":{"glyph":"","terms":["wifi-medium"]},"ph-wifi-none":{"glyph":"","terms":["wifi-none"]},"ph-wifi-slash":{"glyph":"","terms":["wifi-slash"]},"ph-wifi-x":{"glyph":"","terms":["wifi-x"]},"ph-wind":{"glyph":"","terms":["wind"]},"ph-windmill":{"glyph":"","terms":["windmill"]},"ph-windows-logo":{"glyph":"","terms":["windows-logo"]},"ph-wine":{"glyph":"","terms":["wine"]},"ph-wrench":{"glyph":"","terms":["wrench"]},"ph-x":{"glyph":"","terms":["x"]},"ph-x-circle":{"glyph":"","terms":["x-circle"]},"ph-x-logo":{"glyph":"","terms":["x-logo"]},"ph-x-square":{"glyph":"","terms":["x-square"]},"ph-yarn":{"glyph":"","terms":["yarn"]},"ph-yin-yang":{"glyph":"","terms":["yin-yang"]},"ph-youtube-logo":{"glyph":"","terms":["youtube-logo"]}}}